date,fishoil_price_peru,fish_price_global,rapeseedoil_price_global,fishmeal_price_peru,peanutoil_price_global,soybeanoil_price_global,sunfloweroil_price_global,temperature_peru,precipitation_peru,fish_production_peru,fish_human_consumption_peru,fish_industrial_consumption_peru,gdp,fishmeal_price_hamburg,fishoil_export_peru,fishoil_fob_peru,fishoil_utilization_indicators,fishing_hours_peru
2022-06-01,0.0,0.0,2000.53,1608.06,2146.19,1751.76,1884.59,0.0,0.0,0.0,0.0,0.0,0.0,1741.36,0.0,0.0,0.0,0.0
2022-05-01,0.0,0.0,2218.45,1634.21,2146.29,1962.88,2079.3,0.0,0.0,5.2,30.49,1069.43,176.83,1763.18,0.0,0.0,60.67,893554.0
2022-04-01,0.0,0.0,2266.17,1643.39,2145.25,1947.51,2275.76,0.0,0.0,5.0,37.15,26.11,54.75,1740.48,0.0,0.0,1.51,919581.0
2022-03-01,0.0,0.0,2162.3,1514.62,2153.15,1956.88,2361.13,0.0,0.0,4.9,34.57,37.02,56.75,1694.78,0.0,0.0,2.09,1048627.0
2022-02-01,0.0,0.0,1744.2,1445.25,2473.1,1595.74,1499.12,0.0,0.0,4.8,32.46,41.52,70.25,1660.0,0.0,0.0,2.3,1066143.0
2022-01-01,0.0,0.0,1865.36,1428.56,2489.88,1469.56,1411.73,0.0,0.0,4.9,35.13,111.13,93.87,1647.14,0.0,0.0,6.73,1323115.0
2021-12-01,2907.3,0.0,1742.5,1422.52,2154.06,1411.21,1361.83,20.56,157.86,5.8,33.97,1082.07,194.3,1630.87,5.75,16.71,63.54,1441570.0
2021-11-01,3074.3,6.56,1825.34,1439.66,2150.21,1442.96,1415.62,20.42,137.36,5.8,32.41,917.78,168.51,1600.91,6.69,20.55,51.51,1406610.0
2021-10-01,2641.1,6.69,1795.17,1461.66,2133.67,1483.52,1420.53,20.01,114.61,5.8,32.12,1.26,49.26,1600.0,9.3,24.56,0.06,1338021.0
2021-09-01,2761.9,6.17,1629.14,1483.27,2109.02,1398.75,1309.52,20.05,64.8,5.6,27.83,0.12,37.47,1600.0,13.46,37.17,0.01,1431832.0
2021-08-01,2237.2,6.62,1519.19,1504.12,2102.29,1433.94,1355.69,19.44,53.05,5.3,27.05,2.53,42.79,1602.73,30.12,67.39,0.14,1383891.0
2021-07-01,2393.2,7.15,1410.08,1504.13,2092.19,1468.34,1282.01,19.02,43.72,5.2,28.35,197.47,66.0,1618.18,34.76,83.19,11.83,1342433.0
2021-06-01,2555.3,7.08,1527.59,1502.27,2078.83,1518.16,1375.09,18.29,86.45,5.6,27.11,720.03,132.85,1620.0,9.29,23.74,43.38,1248376.0
2021-05-01,2270.7,8.04,1560.25,1514.47,2072.04,1568.65,1680.32,19.31,119.99,5.2,30.3,1324.19,212.1,1601.91,14.52,32.97,79.03,1193252.0
2021-04-01,2244.1,7.56,1275.82,1487.25,2020.64,1400.75,1667.82,20.12,146.73,4.8,30.83,304.89,87.54,1515.46,17.06,38.27,17.33,1178488.0
2021-03-01,2139.6,7.32,1321.88,1476.34,2006.04,1284.81,1708.44,20.13,208.26,4.2,35.85,68.08,75.76,1514.35,26.66,57.03,3.88,1201942.0
2021-02-01,2094.3,6.04,1272.13,1479.18,1993.21,1123.5,1444.89,19.75,175.74,3.8,37.14,35.53,89.01,1495.0,50.35,105.46,1.92,1216640.0
2021-01-01,2876.4,5.74,1138.24,1497.16,1988.94,1101.47,1353.21,20.33,189.14,3.2,38.5,516.96,134.61,1480.95,8.93,25.7,32.77,1114115.0
2020-12-01,2749.4,5.55,1097.63,1497.69,1977.17,1026.2,1240.71,20.34,159.7,3.08,37.12,1226.44,222.32,1490.0,8.29,22.78,79.36,1135190.0
2020-11-01,2777.5,5.25,1047.78,1442.77,1878.61,973.88,1176.12,20.4,130.47,3.44,38.0,713.96,149.08,1470.0,4.75,13.18,42.11,1351743.0
2020-10-01,2367.1,5.23,927.71,1438.22,1877.59,914.77,1040.69,20.29,120.79,4.51,39.5,1.02,73.68,1452.73,24.37,57.68,0.06,1299128.0
2020-09-01,2512.5,5.42,938.14,1470.95,1880.71,905.86,1041.73,19.52,101.46,4.34,33.58,0.51,61.6,1450.0,14.1,35.41,0.03,1018856.0
2020-08-01,2219.6,5.67,921.55,1479.92,1876.96,866.94,877.14,19.07,67.41,5.48,31.86,0.28,61.07,1467.62,24.98,55.44,0.02,1035533.0
2020-07-01,2666.8,5.82,890.21,1486.92,1876.87,821.11,833.17,18.81,97.47,5.01,27.14,489.06,112.61,1575.0,17.56,46.84,29.26,961727.0
2020-06-01,3384.5,6.78,850.98,1451.36,1712.82,755.71,788.36,18.72,87.49,6.79,22.48,1330.85,213.22,1562.5,3.51,11.87,78.2,760433.0
2020-05-01,2804.7,6.02,799.83,1394.65,1588.02,684.78,738.26,19.39,114.49,4.65,19.9,553.14,107.34,1550.0,11.18,31.36,32.68,733189.0
2020-04-01,2933.1,5.5,758.96,1390.91,1527.27,679.98,732.1,20.28,154.2,5.02,13.36,0.27,36.32,1550.0,5.86,17.19,0.01,708326.0
2020-03-01,2653.9,6.24,796.67,1400.08,1412.91,747.8,730.0,20.85,173.99,5.12,36.77,0.0,55.81,1550.0,11.31,30.03,0.0,1037373.0
2020-02-01,2723.5,7.29,902.34,1364.56,1393.46,800.41,823.0,20.92,189.8,4.82,45.14,0.02,83.35,1550.0,12.2,33.23,0.0,1040121.0
2020-01-01,2630.0,8.43,941.46,1379.46,1492.61,873.66,840.33,20.87,186.6,4.41,40.32,5.22,78.91,1442.17,3.09,8.12,0.3,723727.0
2019-12-01,2715.2,7.62,924.5,1366.94,1457.89,820.59,805.16,20.64,176.68,5.03,35.43,297.65,104.09,1405.0,6.33,17.18,17.45,0.0
2019-11-01,2871.3,6.2,910.73,1360.93,1388.47,774.91,776.0,20.43,154.6,5.55,32.46,701.97,149.52,1430.0,6.71,19.26,41.55,0.0
2019-10-01,2409.9,5.55,908.67,1360.05,1458.53,770.8,776.0,19.62,129.3,5.84,33.65,2.11,67.59,1430.0,18.02,43.44,0.14,0.0
2019-09-01,2296.6,5.74,903.07,1385.38,1458.25,779.25,776.0,19.82,85.1,4.47,27.3,0.07,56.38,1430.0,13.71,31.49,0.04,0.0
2019-08-01,2231.8,6.04,877.48,1436.95,1457.89,793.21,776.0,18.81,72.04,4.32,35.49,3.51,59.51,1478.18,19.3,43.07,0.24,0.0
2019-07-01,2318.4,7.06,845.27,1496.12,1437.71,748.17,753.83,18.85,92.89,4.03,33.06,200.05,88.96,1507.61,23.89,55.39,11.8,0.0
2019-06-01,2143.0,7.37,840.01,1522.28,1391.97,742.89,725.0,18.84,95.26,5.68,33.47,679.15,143.82,1525.0,15.18,32.53,39.73,0.0
2019-05-01,2511.9,7.3,815.84,1511.52,1392.89,742.53,721.57,19.63,117.22,4.94,35.22,1049.27,195.22,1525.0,11.41,28.65,62.82,0.0
2019-04-01,2173.5,7.96,805.96,1505.38,1377.61,733.77,713.0,20.39,149.98,5.96,33.11,111.5,78.11,1504.55,10.67,23.19,6.44,0.0
2019-03-01,2084.1,8.02,808.68,1476.02,1370.38,750.33,711.71,20.54,197.11,4.8,34.52,0.43,68.85,1458.33,23.28,48.52,0.0,0.0
2019-02-01,2053.2,6.73,829.7,1472.28,1370.06,772.82,700.0,20.74,177.61,4.06,32.4,33.28,76.23,1466.25,27.93,57.36,1.77,0.0
2019-01-01,2669.3,7.48,859.73,1486.35,1379.77,747.79,688.13,20.47,197.02,5.09,31.89,302.45,116.22,1475.0,7.44,19.85,16.95,0.0
2018-12-01,2667.8,6.77,827.02,1480.06,1434.58,727.88,703.0,20.28,173.74,6.59,31.93,1034.95,188.84,1475.0,4.32,11.51,60.36,0.0
2018-11-01,1963.7,6.69,840.39,1479.22,1438.26,729.22,706.09,20.14,143.96,6.77,29.17,868.17,171.23,1475.0,8.46,16.62,46.2,0.0
2018-10-01,2097.0,7.09,850.55,1485.36,1433.63,752.37,718.04,19.99,136.67,6.49,29.57,6.6,62.2,1475.0,10.24,21.47,0.29,0.0
2018-09-01,1703.5,7.34,821.47,1492.69,1442.29,754.05,733.95,19.53,94.29,6.92,22.93,0.81,49.96,1475.0,37.98,64.7,0.0,0.0
2018-08-01,1832.5,6.66,853.67,1475.4,1477.1,761.82,763.23,18.18,86.52,6.57,24.52,1.91,52.91,1475.0,22.65,41.51,0.08,0.0
2018-07-01,1417.1,6.98,848.61,1496.33,1477.1,780.45,780.05,18.39,76.7,6.71,27.92,62.09,55.36,1475.0,44.29,62.77,3.36,0.0
2018-06-01,1397.9,7.89,838.02,1494.49,1461.87,788.57,775.0,17.95,86.75,5.32,28.22,567.3,121.0,1475.0,23.58,32.96,36.36,0.0
2018-05-01,2713.9,9.0,811.49,1513.28,1444.03,793.25,801.32,19.7,112.37,6.55,30.89,1646.51,257.82,1496.74,3.79,10.27,100.0,0.0
2018-04-01,2609.8,8.88,793.31,1577.89,1444.03,831.85,799.33,20.2,136.83,7.79,32.31,1096.11,194.71,1576.19,13.59,35.47,64.31,0.0
2018-03-01,2768.6,8.51,800.24,1604.08,1435.63,836.68,800.91,20.28,191.18,7.03,37.33,23.09,73.11,1600.0,8.49,23.51,1.15,0.0
2018-02-01,2864.9,7.28,827.48,1605.89,1433.0,843.56,806.0,20.29,174.74,7.06,36.52,76.95,75.83,1600.0,16.31,46.73,3.84,0.0
2018-01-01,3072.6,7.19,848.38,1596.54,1433.0,870.5,799.04,20.11,183.47,5.71,38.77,688.41,150.9,1576.09,2.28,7.01,40.04,0.0
2017-12-01,2416.9,6.32,901.97,1476.7,1510.17,867.19,800.76,20.2,156.72,3.8,36.8,0.0,56.08,1504.76,2.4,5.8,0.0,0.0
2017-11-01,2567.5,6.24,962.98,1385.62,1502.29,886.77,809.86,20.19,143.57,3.4,35.95,6.36,56.53,1392.05,5.18,13.3,0.34,0.0
2017-10-01,2049.3,6.97,897.25,1379.14,1481.11,880.6,804.82,20.13,126.02,3.7,30.89,0.55,44.87,1375.0,11.15,22.85,0.03,0.0
2017-09-01,1839.0,7.03,872.87,1406.1,1504.65,889.44,822.24,19.39,98.07,4.3,27.04,0.06,35.28,1375.0,16.37,30.11,0.1,0.0
2017-08-01,1911.7,7.46,875.36,1386.11,1510.17,861.72,815.74,18.88,80.7,4.2,29.19,1.68,39.57,1303.26,16.79,32.09,0.16,0.0
2017-07-01,1519.8,8.04,905.99,1355.22,1496.94,835.6,793.0,18.58,71.26,4.1,29.51,180.94,61.42,1250.0,28.99,44.06,10.11,0.0
2017-06-01,1669.2,8.1,847.47,1332.77,1463.07,832.95,794.36,18.86,91.76,4.3,31.79,668.46,128.23,1279.55,17.39,29.03,38.69,0.0
2017-05-01,2196.3,8.02,842.05,1330.3,1453.05,825.06,795.0,19.93,118.47,4.2,33.67,1215.36,197.74,1300.0,11.09,24.35,70.43,0.0
2017-04-01,1706.3,7.44,839.33,1297.58,1421.4,794.04,797.67,20.57,151.86,4.0,37.13,382.66,101.33,1300.0,27.29,46.57,21.33,0.0
2017-03-01,2577.3,7.2,847.32,1305.67,1398.98,814.94,835.17,21.08,210.52,3.8,37.85,59.74,68.16,1300.0,9.91,25.53,3.19,0.0
2017-02-01,2577.2,7.88,874.38,1350.87,1359.9,839.6,873.0,21.01,188.64,3.5,38.0,34.0,64.45,1352.5,9.68,24.96,1.88,0.0
2017-01-01,2098.0,8.64,890.82,1397.52,1427.78,876.85,873.0,20.99,187.14,3.7,35.35,615.68,130.79,1490.0,14.84,31.14,35.81,0.0
2016-12-01,4192.4,7.86,930.43,1423.35,1439.3,916.7,873.0,20.62,164.92,4.5,34.78,937.92,169.28,1540.91,3.2,13.44,55.4,0.0
2016-11-01,3337.0,7.32,918.26,1459.81,1433.0,885.11,873.0,20.62,81.72,4.3,35.35,428.6,104.01,1545.46,2.95,9.85,25.3,0.0
2016-10-01,2448.7,7.21,914.14,1487.98,1433.0,861.26,873.0,20.4,127.05,4.2,36.02,0.0,51.24,1575.0,11.27,27.6,0.0,0.0
2016-09-01,2529.8,6.67,849.65,1536.8,1433.0,837.21,865.73,19.54,98.7,4.2,34.03,0.0,50.37,1595.46,11.33,28.66,0.0,0.0
2016-08-01,2842.9,7.06,817.52,1539.99,1433.0,824.42,830.35,19.28,69.05,3.8,36.44,28.27,66.49,1632.61,9.47,26.93,1.63,0.0
2016-07-01,3131.8,8.01,767.83,1493.28,1415.37,796.67,832.86,18.82,104.44,4.1,36.81,618.87,121.45,1600.0,2.79,8.74,36.46,0.0
2016-06-01,3261.8,7.67,793.48,1517.12,1365.86,799.91,860.23,18.66,69.65,3.9,35.49,369.12,84.35,1663.64,5.72,18.66,21.51,0.0
2016-05-01,3173.4,7.27,805.59,1500.81,1322.77,795.64,881.0,19.77,97.48,4.3,37.61,63.76,51.98,1577.27,6.58,20.88,3.52,0.0
2016-04-01,2698.6,7.11,808.51,1474.33,1314.38,794.13,875.95,20.54,153.15,4.2,39.22,19.52,50.41,1497.62,13.7,36.98,0.99,0.0
2016-03-01,2679.0,6.91,766.26,1443.58,1300.73,765.61,859.19,21.15,203.64,4.25,41.77,0.0,49.64,1464.13,14.17,37.97,0.0,0.0
2016-02-01,3212.6,6.14,779.88,1511.99,1317.26,767.24,898.19,21.38,290.86,4.2,37.42,0.21,49.35,1526.19,6.5,20.87,0.02,0.0
2016-01-01,2684.1,6.45,781.35,1498.6,1359.9,736.03,885.35,21.79,95.85,3.8,39.57,266.47,92.0,1617.14,7.36,19.76,15.48,0.0
2015-12-01,3760.7,5.79,820.94,1536.52,1446.03,765.7,898.18,21.06,150.77,3.5,39.27,514.41,120.47,1706.09,4.4,16.56,29.35,0.0
2015-11-01,2750.8,5.02,799.62,1517.92,1413.16,727.34,915.24,21.02,110.81,3.2,32.85,301.62,84.37,1730.95,5.2,14.3,16.18,0.0
2015-10-01,3195.2,5.02,809.13,1520.37,1399.94,743.3,961.59,20.71,81.17,3.5,33.69,0.5,49.54,1611.36,5.28,16.87,0.04,0.0
2015-09-01,2260.4,5.03,771.69,1471.88,1399.94,720.4,896.82,20.82,73.74,3.4,31.02,0.51,41.68,1531.82,21.36,48.29,0.02,0.0
2015-08-01,2116.1,5.45,753.56,1466.01,1392.06,728.33,894.75,19.75,74.89,3.3,32.49,3.98,40.15,1492.86,24.84,52.57,0.22,0.0
2015-07-01,2338.5,5.29,809.98,1440.43,1388.91,752.32,917.39,18.93,100.21,3.7,32.1,129.85,59.76,1501.09,15.73,36.8,7.21,0.0
2015-06-01,2311.3,5.16,841.79,1547.16,1365.86,788.21,927.95,19.61,77.93,3.8,30.9,334.0,84.72,1590.91,14.88,34.38,19.14,0.0
2015-05-01,3354.9,5.12,769.95,1619.84,1344.82,785.13,916.05,20.11,141.71,3.6,31.61,937.64,157.45,1676.19,2.66,8.92,53.47,0.0
2015-04-01,3134.1,5.12,747.72,1569.57,1344.82,747.74,833.5,20.21,182.29,3.9,37.24,1375.83,220.27,1863.64,3.31,10.38,77.22,0.0
2015-03-01,3229.3,5.14,751.16,1570.53,1344.82,749.93,804.55,20.52,208.08,3.3,41.09,18.15,61.26,1900.0,2.84,9.18,0.92,0.0
2015-02-01,3419.1,5.58,762.51,1677.34,1344.82,762.61,825.0,20.57,199.3,3.1,36.09,0.0,60.88,1985.0,2.53,8.66,0.0,0.0
2015-01-01,2677.8,5.95,777.72,1712.65,1350.33,796.58,870.71,20.01,168.44,3.7,38.78,0.0,65.54,2143.18,15.73,42.11,0.0,0.0
2014-12-01,3294.6,6.15,814.81,1795.13,1372.88,814.55,900.95,20.24,178.17,2.95,39.36,0.0,66.0,2291.3,5.2,17.13,0.0,0.0
2014-11-01,2586.8,5.75,841.33,1806.34,1388.91,825.98,922.75,20.3,133.13,2.8,36.85,0.0,56.64,2095.0,12.82,33.16,0.0,0.0
2014-10-01,3114.1,5.37,859.11,1696.44,1388.91,833.03,888.26,19.95,126.06,2.9,35.47,0.0,54.26,1853.91,3.99,12.41,0.0,0.0
2014-09-01,2316.0,5.49,836.46,1678.85,1388.91,839.82,834.09,19.6,88.39,3.31,29.28,1.23,40.2,1721.36,10.03,23.23,0.06,0.0
2014-08-01,2318.2,5.93,851.75,1729.32,1388.91,861.77,853.75,18.84,78.01,3.4,31.4,20.31,44.77,1796.19,22.29,51.66,1.12,0.0
2014-07-01,2530.3,6.39,892.08,1734.13,1373.38,897.43,908.04,18.32,80.11,3.5,34.51,400.28,95.6,1800.0,7.99,20.22,22.51,0.0
2014-06-01,2093.5,6.19,948.33,1720.67,1366.87,925.82,942.38,19.43,92.19,3.7,30.87,590.88,120.33,1775.24,20.69,43.31,34.54,0.0
2014-05-01,3682.8,7.07,954.94,1632.73,1366.87,961.81,951.5,19.81,101.16,3.4,31.01,675.65,127.85,1620.91,4.97,18.32,41.02,0.0
2014-04-01,2568.3,7.56,1011.42,1629.2,1366.87,1001.69,952.25,19.78,177.84,3.3,36.0,337.77,90.46,1580.0,6.25,16.06,19.65,0.0
2014-03-01,2435.2,7.43,1009.95,1651.2,1366.87,996.67,984.76,20.07,199.37,3.2,35.29,10.05,52.03,1560.48,25.14,61.23,0.56,0.0
2014-02-01,2395.5,7.79,971.77,1557.26,1409.8,970.96,953.0,20.07,151.93,3.1,32.11,0.0,69.01,1503.0,17.25,41.33,0.0,0.0
2014-01-01,2138.8,8.06,948.01,1536.47,1560.64,942.1,951.82,20.38,164.9,2.9,32.44,219.28,85.69,1444.35,26.82,57.35,13.72,0.0
2013-12-01,2735.0,7.53,1007.11,1552.25,1697.56,990.52,996.0,20.45,154.82,3.6,36.69,1053.93,193.0,1426.14,4.01,10.96,61.9,0.0
2013-11-01,3504.2,6.38,1021.7,1614.74,1754.88,989.83,1004.05,19.95,151.65,4.13,34.95,1048.52,194.11,1443.33,5.29,18.54,60.76,0.0
2013-10-01,2610.3,6.1,1010.85,1650.81,1764.66,990.96,1008.48,19.5,147.57,3.03,31.2,5.55,63.88,1416.96,20.82,54.34,0.11,0.0
2013-09-01,2521.9,5.81,983.52,1668.63,1797.87,1019.72,1005.71,19.37,91.72,3.96,29.8,10.92,61.93,1443.81,14.91,37.61,0.12,0.0
2013-08-01,2435.1,6.96,993.85,1714.4,1807.79,994.65,1111.67,18.07,83.4,4.82,24.57,80.35,61.28,1570.0,23.19,56.46,3.98,0.0
2013-07-01,2740.6,7.35,1008.78,1719.92,1816.31,990.31,1210.87,17.48,79.67,5.05,27.79,291.52,89.68,1577.83,16.78,45.98,16.74,0.0
2013-06-01,3470.7,6.88,1147.34,1785.85,1807.79,1037.75,1245.25,18.26,117.57,4.32,23.06,1054.94,172.18,1690.0,2.61,9.08,63.7,0.0
2013-05-01,3260.8,7.36,1116.66,1823.4,1780.73,1073.2,1227.73,19.05,112.81,3.49,24.57,814.89,142.38,1800.0,3.85,12.55,47.73,0.0
2013-04-01,3237.9,7.07,1131.82,1850.72,1763.7,1094.52,1221.14,19.37,99.41,5.49,30.13,0.85,57.32,1800.0,7.6,24.61,0.03,0.0
2013-03-01,2673.2,6.56,1161.66,1801.47,1763.7,1117.43,1249.76,20.15,166.59,4.12,40.32,0.19,53.03,1776.19,13.05,34.88,0.06,0.0
2013-02-01,2613.8,6.43,1216.99,1901.12,1821.71,1173.48,1285.75,20.23,217.43,5.08,30.61,0.98,59.42,1823.75,7.08,18.52,0.14,0.0
2013-01-01,2780.3,6.16,1210.92,1926.47,2270.76,1192.35,1298.48,20.34,183.17,5.75,32.22,391.49,104.61,1960.87,6.96,19.34,22.33,0.0
2012-12-01,3002.8,5.24,1188.18,1303.09,2502.25,1158.64,1271.9,20.13,184.12,2.6,23.75,282.79,103.32,2030.95,4.97,14.92,16.39,0.0
2012-11-01,2122.2,4.68,1184.61,1339.11,2469.18,1137.78,1285.23,20.44,110.24,2.81,23.38,95.99,50.27,1905.46,21.52,45.68,5.33,0.0
2012-10-01,2678.2,4.43,1214.2,1359.81,2469.18,1177.95,1302.61,19.96,110.43,3.14,23.64,5.13,52.27,1580.0,4.28,11.47,0.28,0.0
2012-09-01,2086.7,4.81,1268.69,1354.36,2469.18,1280.95,1572.25,19.74,79.14,3.52,20.46,4.54,49.12,1598.5,21.25,44.34,0.25,0.0
2012-08-01,1875.0,4.65,1230.73,1431.13,2469.18,1250.27,1525.43,19.01,36.45,3.55,18.21,30.22,41.25,1676.09,53.44,100.21,1.54,0.0
2012-07-01,1864.0,4.44,1214.67,1502.97,2450.28,1239.49,1472.27,18.71,53.98,4.93,18.94,608.06,110.5,1669.09,27.4,51.08,36.32,0.0
2012-06-01,1628.9,4.52,1183.37,1558.48,2425.08,1181.93,1430.48,19.0,77.69,3.16,21.45,993.93,163.4,1605.71,53.45,87.06,61.8,0.0
2012-05-01,2261.3,5.01,1234.88,1607.08,2408.05,1220.55,1522.17,19.53,88.02,2.47,22.96,1172.62,182.79,1526.09,5.17,11.68,71.08,0.0
2012-04-01,1641.0,4.98,1303.59,1734.07,2274.96,1308.89,1551.9,20.25,156.58,4.01,31.49,129.19,67.39,1401.67,26.69,43.81,7.89,0.0
2012-03-01,1594.9,5.05,1289.12,1766.55,2138.48,1285.38,1500.68,20.19,200.33,2.88,33.56,42.99,50.08,1293.18,13.57,21.64,2.45,0.0
2012-02-01,1564.7,4.77,1287.68,1760.57,2116.44,1249.12,1485.0,19.7,189.76,2.77,26.7,65.35,54.69,1260.0,20.77,32.5,3.44,0.0
2012-01-01,1301.9,4.35,1252.78,1616.04,2116.44,1216.28,1451.82,19.95,172.82,2.7,26.59,263.06,84.48,1229.09,59.37,77.29,16.61,0.0
2011-12-01,1416.1,4.55,1244.66,1515.66,2116.44,1203.28,1439.77,19.89,215.12,1.16,30.57,1702.3,264.57,1241.82,9.82,13.91,60.78,0.0
2011-11-01,1883.5,4.23,1273.54,1597.19,2116.44,1213.96,1502.5,20.17,158.38,1.59,23.95,514.13,110.18,1309.55,5.65,10.65,17.36,0.0
2011-10-01,1645.4,4.26,1270.51,1684.88,2116.44,1223.1,1483.81,19.37,107.57,1.67,21.48,0.78,52.07,1287.14,18.97,31.22,0.03,0.0
2011-09-01,1869.4,4.78,1309.99,1657.72,2113.43,1307.85,1591.59,19.27,105.28,2.43,21.94,1.13,52.49,1279.55,6.69,12.51,0.05,0.0
2011-08-01,1484.3,5.38,1350.5,1283.85,2076.18,1328.39,1671.3,18.87,35.7,2.41,20.27,27.16,54.79,1345.22,25.73,38.19,0.88,0.0
2011-07-01,1237.2,5.63,1392.95,1351.62,1945.58,1337.36,1672.38,18.39,91.52,1.61,19.3,466.48,94.38,1387.62,60.68,75.08,15.64,0.0
2011-06-01,1219.1,6.3,1401.82,1376.84,1700.57,1319.38,1699.32,19.17,84.64,1.87,22.75,706.11,123.36,1400.0,42.03,51.24,24.74,0.0
2011-05-01,1175.6,7.43,1406.76,1435.17,1632.47,1296.03,1644.09,19.33,116.82,2.01,22.64,1110.03,176.09,1420.46,27.28,32.07,38.91,0.0
2011-04-01,2063.4,7.84,1447.42,1476.94,1631.42,1310.45,1634.05,20.04,135.83,1.79,26.45,1689.68,248.98,1519.05,5.89,12.15,58.4,0.0
2011-03-01,1689.4,7.3,1411.8,1317.74,1637.17,1306.53,1636.96,19.59,167.75,1.93,21.33,227.75,76.34,1710.87,17.03,28.76,7.8,0.0
2011-02-01,1830.8,6.98,1403.14,1282.27,1653.47,1359.86,1704.74,19.96,254.54,2.12,28.54,145.25,78.76,1797.5,7.26,13.28,4.89,0.0
2011-01-01,1819.0,6.8,1440.75,1324.83,1653.47,1365.73,1492.0,20.11,156.0,2.35,26.78,409.3,114.44,1630.95,7.88,14.33,13.83,0.0
2010-12-01,1173.4,6.9,1382.99,1301.18,1644.45,1324.72,1454.0,19.82,150.75,4.37,31.89,142.17,71.85,1418.26,9.66,11.33,5.02,0.0
2010-11-01,1144.2,6.06,1242.32,1202.67,1543.24,1231.69,1441.0,19.82,151.97,4.45,24.88,234.25,79.46,1410.91,15.91,18.21,7.71,0.0
2010-10-01,1045.8,6.37,1149.51,1197.99,1471.32,1146.75,1284.0,19.57,104.45,4.0,19.8,1.65,38.56,1460.95,27.26,28.51,0.09,0.0
2010-09-01,1022.1,6.2,1032.57,1182.14,1426.71,1035.26,1114.0,19.41,58.68,4.32,20.94,2.66,41.51,1500.0,20.66,21.12,0.1,0.0
2010-08-01,987.0,6.44,1012.94,1155.87,1383.9,997.62,1074.0,18.52,51.11,3.87,20.26,1.39,34.75,1495.91,23.59,23.28,0.06,0.0
2010-07-01,1000.2,6.31,946.76,1139.59,1366.87,910.82,937.0,17.63,65.93,3.35,18.54,303.39,66.13,1546.36,55.8,55.81,10.55,0.0
2010-06-01,1274.6,5.95,876.07,1136.71,1366.87,860.28,889.0,18.78,66.53,3.75,19.86,1148.22,179.84,1652.27,19.13,24.39,42.3,0.0
2010-05-01,1212.2,6.32,862.49,1108.04,1366.87,859.49,910.0,19.68,97.86,3.54,20.4,1105.2,175.45,1816.67,13.1,15.88,39.4,0.0
2010-04-01,1393.9,6.48,909.13,1072.37,1361.62,902.83,924.0,20.78,141.78,3.37,17.52,50.23,40.94,1831.82,6.63,9.25,1.66,0.0
2010-03-01,1053.4,5.99,910.08,1061.33,1317.02,911.07,949.0,20.99,175.22,3.83,20.94,44.06,51.72,1710.44,22.54,23.74,1.41,0.0
2010-02-01,1366.5,5.54,900.93,1034.1,1287.5,909.19,948.0,21.21,182.78,3.14,21.59,76.52,52.49,1684.0,16.28,22.25,2.35,0.0
2010-01-01,869.6,5.15,914.09,1075.52,1275.53,920.55,968.0,21.14,159.57,5.49,28.32,220.69,79.49,1627.14,23.54,20.47,7.23,0.0
2009-12-01,995.7,5.05,938.29,1093.12,1181.87,939.91,986.0,20.75,248.85,4.38,25.31,935.22,157.12,1522.17,15.33,15.27,32.19,0.0
2009-11-01,781.0,5.01,933.77,1028.92,1151.65,932.38,921.0,20.86,136.88,4.07,25.36,1138.24,180.35,1415.24,16.62,12.98,35.8,0.0
2009-10-01,887.4,4.81,894.11,1079.38,1155.42,897.0,846.0,20.17,98.33,3.59,25.52,8.18,40.56,1281.36,28.93,25.68,0.25,0.0
2009-09-01,808.1,5.0,855.36,1161.64,1232.58,858.18,809.0,19.67,78.27,4.13,24.28,2.64,35.93,1193.18,18.16,14.67,0.08,0.0
2009-08-01,714.9,4.99,884.24,1217.04,1310.18,903.15,820.0,19.09,64.97,4.55,24.71,13.09,39.31,1146.67,52.26,37.36,0.38,0.0
2009-07-01,619.8,5.77,851.56,1278.56,1322.77,846.3,804.0,18.67,68.32,3.65,22.01,143.63,47.47,1072.61,30.08,18.65,5.01,0.0
2009-06-01,662.3,5.5,917.18,1263.68,1338.81,892.92,907.0,18.48,83.51,2.95,24.59,784.59,132.49,1026.36,42.67,28.26,28.07,0.0
2009-05-01,1049.6,5.44,947.07,1258.71,1406.55,889.62,941.0,19.34,113.54,3.33,29.93,1843.43,266.89,999.52,12.73,13.37,66.54,0.0
2009-04-01,971.5,4.8,830.19,1274.23,1433.0,809.08,843.0,20.15,155.87,3.45,29.25,821.6,136.71,995.0,32.57,31.64,27.96,0.0
2009-03-01,1067.6,4.48,776.9,1253.7,1535.22,730.71,757.0,20.15,211.69,3.19,30.19,16.98,41.44,987.95,16.57,17.69,0.56,0.0
2009-02-01,1064.1,4.12,802.4,1192.07,1543.24,747.64,805.0,20.26,205.84,2.68,32.45,29.42,54.66,984.0,12.82,13.64,0.98,0.0
2009-01-01,1112.4,4.11,831.74,1192.2,1619.87,789.89,817.0,20.02,223.42,3.49,36.83,91.62,67.32,949.55,25.64,28.52,2.98,0.0
2008-12-01,1118.7,3.9,838.02,1180.83,1761.69,745.55,759.0,20.15,117.01,4.41,30.93,1086.46,176.95,918.26,26.1,29.19,38.02,0.0
2008-11-01,1520.4,3.82,974.82,1187.59,1933.45,825.64,835.0,20.03,148.39,4.46,24.04,1107.32,175.34,911.5,18.0,27.36,37.4,0.0
2008-10-01,1698.3,4.16,1040.68,1154.02,2119.44,942.53,950.0,19.74,148.95,3.81,19.69,51.45,42.47,1007.83,10.41,17.68,1.59,0.0
2008-09-01,2098.4,4.96,1238.29,1122.61,2313.85,1201.02,1176.0,19.41,102.44,5.59,20.26,2.09,34.51,1090.46,11.58,24.3,0.07,0.0
2008-08-01,1708.7,5.37,1352.83,1104.21,2427.18,1329.64,1319.0,19.34,58.63,4.64,19.32,2.78,38.42,1136.19,32.87,56.17,0.09,0.0
2008-07-01,1633.8,5.62,1549.44,1148.55,2425.08,1506.98,1692.0,18.49,73.55,3.04,20.96,101.42,46.36,1140.0,50.19,82.0,3.26,0.0
2008-06-01,1400.9,5.15,1591.88,1233.45,2332.7,1535.16,2045.0,17.91,98.28,2.69,19.49,1279.84,189.12,1138.57,15.42,21.6,44.3,0.0
2008-05-01,1769.7,5.31,1524.95,1265.54,2253.22,1437.87,1962.0,18.28,93.97,3.09,23.73,808.07,136.72,1117.27,15.92,28.17,28.34,0.0
2008-04-01,2490.9,5.12,1471.49,1288.71,2126.46,1422.23,1838.0,19.49,145.34,2.94,24.44,1325.05,198.0,1068.18,2.55,6.35,43.8,0.0
2008-03-01,2015.6,5.22,1510.12,1271.44,2075.49,1488.74,1863.0,20.3,222.45,2.89,33.86,169.3,69.67,1056.67,5.98,12.04,5.32,0.0
2008-02-01,1944.6,4.74,1429.55,1255.48,1984.16,1414.17,1839.0,20.17,230.85,2.79,41.09,80.21,63.72,1022.86,3.05,5.93,2.76,0.0
2008-01-01,1127.2,4.81,1390.42,1229.94,1984.16,1280.2,1709.0,20.05,246.96,2.83,43.35,145.39,77.71,1006.96,65.64,73.99,4.87,0.0
2007-12-01,1045.4,4.67,1336.75,1282.84,1978.91,1187.73,1469.0,19.6,165.28,3.05,27.23,931.2,151.95,986.19,22.21,23.22,31.86,0.0
2007-11-01,758.1,4.5,1252.43,1241.4,1829.84,1141.52,1401.0,19.64,207.69,4.2,26.96,1280.72,194.68,934.09,17.7,13.42,41.97,0.0
2007-10-01,809.0,4.48,1146.97,1215.12,1633.34,1007.69,1358.0,19.06,140.83,4.01,22.17,13.61,34.73,930.0,16.1,13.03,0.44,0.0
2007-09-01,781.7,4.58,1044.75,1220.96,1523.39,977.48,1279.0,18.79,91.96,3.55,18.31,10.45,28.5,930.0,23.87,18.66,0.33,0.0
2007-08-01,801.8,4.73,958.29,1360.33,1472.3,921.79,1114.0,18.13,67.46,3.44,25.46,3.85,33.88,930.0,19.48,15.62,0.16,0.0
2007-07-01,745.5,4.35,925.81,1382.65,1404.95,887.12,999.0,17.64,62.71,2.71,36.63,77.11,46.95,977.27,104.84,78.16,2.72,0.0
2007-06-01,760.5,4.22,867.68,1354.38,1268.18,835.55,916.0,17.85,65.72,2.62,21.96,1237.39,182.29,1128.1,46.05,35.02,44.33,0.0
2007-05-01,1065.9,4.43,844.71,1200.17,1169.41,788.7,831.0,18.38,147.95,2.54,36.16,1426.27,214.05,1227.17,1.58,1.68,51.05,0.0
2007-04-01,1677.8,4.78,808.43,978.16,1078.17,753.7,755.0,19.91,149.37,2.54,29.28,657.46,124.43,1254.76,1.83,3.06,22.23,0.0
2007-03-01,1520.3,4.7,771.51,936.76,1055.21,719.03,713.0,20.16,239.6,2.26,36.09,121.06,60.96,1220.91,1.27,1.93,4.15,0.0
2007-02-01,714.0,4.62,790.39,916.75,1016.33,715.04,709.0,20.41,168.19,1.91,32.83,132.46,59.95,1205.5,32.58,23.26,4.39,0.0
2007-01-01,668.1,4.46,823.02,908.36,1071.64,697.33,719.0,21.07,182.83,1.84,34.48,193.14,67.63,1171.3,33.15,22.15,5.85,0.0
2006-12-01,687.8,4.51,854.31,872.91,1102.31,698.12,730.0,20.47,186.16,2.36,37.0,960.7,149.31,1097.38,24.55,16.88,32.19,0.0
2006-11-01,698.1,4.31,822.39,848.83,1102.31,675.67,722.0,20.43,191.49,2.5,28.82,1080.04,158.58,1135.0,12.65,8.83,35.2,0.0
2006-10-01,668.1,4.3,784.4,859.59,1102.31,614.71,666.0,20.01,123.56,2.86,27.26,21.66,30.8,1100.91,14.41,9.63,0.71,0.0
2006-09-01,658.8,4.72,785.73,802.21,1079.22,602.35,669.0,19.51,83.49,3.28,23.65,10.62,26.46,1056.19,41.5,27.34,0.41,0.0
2006-08-01,699.4,5.83,809.12,777.18,1041.92,632.18,666.0,19.22,88.65,3.11,23.34,8.39,30.41,1244.78,23.55,16.47,0.31,0.0
2006-07-01,843.2,6.14,820.58,759.44,990.51,630.01,647.0,18.85,59.99,2.67,26.13,122.94,48.93,1344.05,3.14,2.65,4.07,0.0
2006-06-01,677.1,6.68,829.91,733.36,957.01,600.55,666.0,18.63,120.38,2.12,29.86,1156.55,175.13,1360.91,82.6,55.94,41.26,0.0
2006-05-01,703.7,6.17,828.42,722.93,936.96,588.29,679.0,18.97,119.72,2.55,29.14,1247.32,183.05,1156.96,15.23,10.72,43.48,0.0
2006-04-01,624.4,5.43,773.72,683.03,936.96,540.44,659.0,19.61,162.65,1.98,28.05,480.3,91.53,944.5,8.35,5.21,16.48,0.0
2006-03-01,1008.0,4.62,738.57,681.2,961.89,540.6,606.0,20.41,223.87,1.83,29.3,406.91,88.8,881.52,1.8,1.82,12.64,0.0
2006-02-01,629.8,4.0,716.23,668.42,993.18,533.27,595.0,20.78,211.59,2.11,29.57,136.55,50.62,829.5,15.58,9.81,4.29,0.0
2006-01-01,559.4,4.03,728.91,655.12,1029.16,535.83,591.0,20.42,216.72,2.4,32.73,259.86,64.35,798.18,55.1,30.82,8.2,0.0
2005-12-01,615.1,4.13,711.64,682.25,1036.17,537.66,602.0,20.29,171.54,2.3,31.19,226.09,58.37,783.18,16.48,10.14,7.73,0.0
2005-11-01,628.4,3.92,727.47,670.77,1036.17,558.93,598.0,19.49,154.84,2.3,22.15,2459.42,225.47,726.59,5.34,3.36,78.83,0.0
2005-10-01,654.4,4.08,734.38,656.17,1129.08,578.62,646.0,19.52,162.0,2.1,21.37,0.45,27.17,719.52,0.7,0.46,0.01,0.0
2005-09-01,571.6,4.18,687.82,651.99,1168.45,545.16,683.0,19.15,77.34,2.0,15.13,6.55,19.87,708.64,20.18,11.53,0.21,0.0
2005-08-01,551.2,4.34,654.17,650.95,1165.1,550.08,682.0,19.17,70.44,2.1,17.86,15.09,27.82,700.0,21.2,11.68,0.48,0.0
2005-07-01,519.7,4.38,645.33,665.55,1178.95,561.26,708.0,17.98,65.25,2.0,20.12,742.19,83.75,700.0,54.43,28.29,23.8,0.0
2005-06-01,522.3,4.18,642.01,672.86,1198.51,560.15,706.0,18.61,93.01,2.1,28.48,1080.79,124.02,680.91,55.91,29.2,34.37,0.0
2005-05-01,525.3,4.0,652.57,670.77,1212.54,537.98,700.0,19.44,69.41,1.7,22.37,2068.71,196.74,668.64,28.53,14.99,64.19,0.0
2005-04-01,541.2,3.98,651.7,680.16,1223.04,545.88,695.0,20.2,120.34,1.7,21.3,1472.86,144.51,661.67,19.49,10.55,45.88,0.0
2005-03-01,564.2,3.98,663.64,691.63,1234.59,543.69,714.0,20.53,220.18,1.8,24.11,179.27,44.85,639.13,9.4,5.3,5.69,0.0
2005-02-01,546.8,3.89,647.24,714.58,1234.59,495.73,695.0,20.48,205.63,1.6,32.75,154.73,51.46,628.75,38.88,21.26,4.67,0.0
2005-01-01,556.1,3.69,683.88,711.45,1234.59,519.98,699.0,20.97,124.94,1.6,29.11,222.27,54.84,612.62,15.83,8.8,7.01,0.0
2004-12-01,504.1,3.67,709.72,654.0,1233.63,552.06,724.0,20.85,185.07,1.8,35.78,821.02,93.1,604.35,53.86,27.16,27.43,0.0
2004-11-01,564.8,3.23,684.68,643.0,1225.57,561.19,727.0,20.62,153.3,2.3,35.53,1466.02,141.79,585.0,16.19,9.14,48.83,0.0
2004-10-01,689.2,3.19,668.92,629.0,1212.54,583.49,701.0,20.39,131.99,2.2,27.85,431.38,59.9,600.0,0.61,0.42,13.42,0.0
2004-09-01,594.6,3.26,657.92,625.0,1213.59,601.6,657.0,19.53,93.5,2.5,20.56,6.25,24.66,600.0,21.0,12.49,0.19,0.0
2004-08-01,573.6,3.35,667.68,624.0,1234.59,604.65,632.0,18.64,94.29,2.4,25.88,0.84,24.91,602.73,17.26,9.9,0.05,0.0
2004-07-01,530.1,3.11,650.92,638.0,1247.11,605.08,624.0,17.89,139.56,2.0,21.93,975.91,99.71,600.0,59.55,31.57,31.56,0.0
2004-06-01,512.2,3.21,699.96,645.0,1264.65,581.74,632.0,17.91,132.29,2.1,30.21,1307.43,131.15,610.23,66.75,34.19,43.59,0.0
2004-05-01,504.1,3.48,700.61,643.0,1322.77,627.96,684.0,18.92,143.64,1.7,39.55,1792.1,169.82,642.86,12.36,6.23,58.19,0.0
2004-04-01,529.0,3.61,644.98,652.0,1322.77,672.46,696.0,20.32,118.25,1.7,25.01,1353.13,128.64,655.91,4.59,2.43,41.91,0.0
2004-03-01,725.0,3.45,687.6,663.0,1356.32,689.43,712.0,20.83,199.99,1.3,25.1,255.52,47.18,669.13,0.82,0.6,7.98,0.0
2004-02-01,481.0,3.32,704.51,685.0,1433.0,682.08,731.0,20.63,200.1,1.8,22.03,128.34,35.18,669.5,12.74,6.13,3.71,0.0
2004-01-01,463.2,3.23,675.49,682.0,1433.0,656.97,689.0,20.69,159.82,1.4,34.67,259.22,53.08,644.09,19.38,8.98,8.68,0.0
2003-12-01,463.2,3.12,648.67,684.33,1402.33,637.36,660.0,20.59,224.45,1.62,34.09,200.27,41.96,619.13,6.25,2.89,6.72,0.0
2003-11-01,458.9,2.96,620.32,675.99,1388.91,630.62,628.0,20.63,155.94,1.54,19.49,1082.12,108.94,627.0,7.13,3.27,33.86,0.0
2003-10-01,506.3,3.16,615.82,650.95,1359.2,608.26,615.0,20.16,105.12,1.7,21.5,628.93,71.54,585.0,1.68,0.85,18.73,0.0
2003-09-01,559.2,2.88,564.09,627.48,1329.79,558.02,545.0,18.98,100.98,1.94,14.19,4.92,14.76,587.05,5.33,2.98,0.19,0.0
2003-08-01,430.0,2.5,553.48,622.78,1299.68,515.69,543.0,18.25,79.8,2.43,20.93,0.97,19.69,606.19,9.39,4.04,0.05,0.0
2003-07-01,420.6,2.4,582.56,643.65,1261.43,531.41,575.0,18.25,63.35,1.65,26.91,280.87,45.45,628.26,47.11,19.81,8.96,0.0
2003-06-01,397.4,2.69,612.27,657.21,1234.59,545.85,609.0,18.49,129.84,1.58,48.36,579.46,81.2,638.33,39.79,15.81,19.56,0.0
2003-05-01,414.2,3.25,607.17,630.09,1147.41,549.24,595.0,19.05,161.21,1.44,30.91,1088.91,116.35,594.32,37.55,15.55,37.58,0.0
2003-04-01,636.1,3.18,557.22,601.92,1064.23,540.9,578.0,19.64,143.62,1.18,23.15,1281.71,131.75,580.0,0.64,0.41,44.74,0.0
2003-03-01,589.4,3.18,551.92,620.43,1039.32,522.52,565.0,20.65,203.28,1.28,24.97,66.73,27.33,577.38,1.43,0.84,2.44,0.0
2003-02-01,449.8,3.25,585.76,629.46,1016.45,522.43,595.0,20.83,220.07,1.42,24.69,80.92,27.52,583.75,16.85,7.58,2.71,0.0
2003-01-01,499.1,3.34,623.72,639.75,970.03,540.72,612.0,20.85,179.45,1.19,40.24,39.69,32.79,579.13,10.08,5.03,1.36,0.0
2002-12-01,443.2,3.16,616.49,622.73,952.0,591.03,610.0,20.67,159.93,0.0,0.0,0.0,0.0,545.68,16.11,7.14,42.58,0.0
2002-11-01,613.7,3.15,593.04,626.9,870.83,582.0,595.0,20.33,161.15,0.0,0.0,0.0,0.0,547.86,0.39,0.24,39.94,0.0
2002-10-01,637.1,3.14,539.31,637.64,816.19,528.57,574.0,20.12,164.86,0.0,0.0,0.0,0.0,592.17,0.22,0.14,9.86,0.0
2002-09-01,436.3,3.13,525.01,646.16,794.71,505.67,552.0,19.65,77.98,0.0,0.0,0.0,0.0,618.1,11.55,5.04,0.0,0.0
2002-08-01,431.2,3.02,521.14,649.12,758.59,502.75,557.0,18.92,66.49,0.0,0.0,0.0,0.0,613.64,23.09,9.96,0.0,0.0
2002-07-01,453.2,3.06,477.29,657.82,704.52,489.63,578.0,17.7,81.6,0.0,0.0,0.0,0.0,598.04,24.31,11.02,29.87,0.0
2002-06-01,408.9,3.05,451.04,674.16,645.95,456.81,0.0,18.23,55.25,0.0,0.0,0.0,0.0,588.0,52.63,21.52,48.0,0.0
2002-05-01,417.3,3.02,414.82,676.43,599.56,399.89,0.0,19.64,111.91,0.0,0.0,0.0,0.0,628.04,12.86,5.37,64.14,0.0
2002-04-01,390.8,2.81,410.77,642.17,590.24,370.86,0.0,20.4,178.48,0.0,0.0,0.0,0.0,610.91,3.29,1.28,45.0,0.0
2002-03-01,443.2,2.68,415.85,623.36,598.92,359.21,0.0,20.71,213.2,0.0,0.0,0.0,0.0,602.38,2.56,1.13,18.83,0.0
2002-02-01,624.7,2.52,423.45,621.95,617.29,364.92,0.0,20.39,242.19,0.0,0.0,0.0,0.0,606.75,0.25,0.15,4.41,0.0
2002-01-01,464.2,2.52,0.0,587.56,684.39,389.18,0.0,20.18,182.44,0.0,0.0,0.0,0.0,590.0,13.34,6.19,16.63,0.0
2001-12-01,427.1,2.56,0.0,533.19,771.62,396.87,0.0,20.13,159.35,0.0,0.0,0.0,0.0,593.81,5.11,2.18,6.48,0.0
2001-11-01,414.0,2.62,0.0,503.93,759.59,390.69,0.0,20.01,125.47,0.0,0.0,0.0,0.0,560.0,7.75,3.21,7.62,0.0
2001-10-01,418.8,2.79,0.0,491.98,761.6,373.03,0.0,19.69,127.95,0.0,0.0,0.0,0.0,530.22,7.2,3.01,22.98,0.0
2001-09-01,334.3,2.92,0.0,498.98,749.57,385.09,0.0,19.08,79.26,0.0,0.0,0.0,0.0,532.75,13.17,4.4,0.73,0.0
2001-08-01,322.7,2.92,0.0,492.13,738.07,427.49,0.0,18.65,58.64,0.0,0.0,0.0,0.0,527.61,13.04,4.21,2.25,0.0
2001-07-01,324.2,2.83,0.0,443.35,723.02,421.36,0.0,17.81,88.17,0.0,0.0,0.0,0.0,488.18,56.85,18.43,24.02,0.0
2001-06-01,302.1,2.89,0.0,415.87,727.53,286.89,0.0,17.53,86.47,0.0,0.0,0.0,0.0,470.0,51.71,15.62,36.08,0.0
2001-05-01,270.3,2.97,0.0,407.18,727.53,295.17,0.0,18.71,113.74,0.0,0.0,0.0,0.0,433.26,66.81,18.06,65.74,0.0
2001-04-01,277.5,3.03,0.0,419.93,744.85,326.01,0.0,20.0,161.1,0.0,0.0,0.0,0.0,425.0,25.03,6.95,62.17,0.0
2001-03-01,370.4,3.1,0.0,431.31,780.64,327.63,0.0,20.09,354.81,0.0,0.0,0.0,0.0,431.82,2.36,0.88,41.96,0.0
2001-02-01,210.2,3.02,0.0,460.29,811.08,303.78,0.0,20.45,182.06,0.0,0.0,0.0,0.0,467.75,22.05,4.63,11.37,0.0
2001-01-01,215.4,3.05,0.0,485.75,815.71,304.81,0.0,19.98,211.58,0.0,0.0,0.0,0.0,491.3,44.48,9.58,21.77,0.0
2000-12-01,181.0,3.02,0.0,438.08,806.79,320.57,0.0,20.33,171.21,0.0,0.0,0.0,0.0,462.14,10.98,1.99,23.98,0.0
2000-11-01,198.8,2.87,0.0,376.36,769.61,316.78,0.0,20.6,109.15,0.0,0.0,0.0,0.0,414.09,16.3,3.24,55.5,0.0
2000-10-01,178.0,2.94,0.0,379.2,754.58,314.02,0.0,19.91,100.15,0.0,0.0,0.0,0.0,446.89,28.65,5.1,18.27,0.0
2000-09-01,230.0,3.24,0.0,395.19,760.59,312.49,0.0,19.44,107.74,0.0,0.0,0.0,0.0,451.43,2.69,0.62,0.42,0.0
2000-08-01,166.5,3.83,0.0,407.3,754.36,328.92,0.0,19.06,82.94,0.0,0.0,0.0,0.0,435.87,48.16,8.02,1.1,0.0
2000-07-01,171.5,4.06,0.0,429.73,771.62,339.3,0.0,17.62,80.11,0.0,0.0,0.0,0.0,445.0,53.89,9.24,48.86,0.0
2000-06-01,154.4,4.01,0.0,424.17,783.14,330.17,0.0,18.37,95.42,0.0,0.0,0.0,0.0,428.18,47.83,7.39,62.28,0.0
2000-05-01,159.7,4.05,0.0,374.92,793.66,337.97,0.0,19.12,144.95,0.0,0.0,0.0,0.0,391.74,64.28,10.26,64.02,0.0
2000-04-01,150.3,4.01,0.0,390.98,789.81,366.24,0.0,19.85,175.58,0.0,0.0,0.0,0.0,368.0,70.33,10.57,40.96,0.0
2000-03-01,207.5,3.94,0.0,407.39,733.28,363.49,0.0,19.76,186.53,0.0,0.0,0.0,0.0,398.48,29.25,6.07,82.39,0.0
2000-02-01,225.1,3.9,0.0,426.97,687.63,357.94,0.0,19.87,270.32,0.0,0.0,0.0,0.0,420.0,36.87,8.3,8.58,0.0
2000-01-01,208.6,3.87,0.0,444.26,676.08,369.79,0.0,19.86,159.51,0.0,0.0,0.0,0.0,419.52,47.22,9.85,18.75,0.0
1999-12-01,245.0,3.81,0.0,438.08,765.61,374.67,0.0,20.01,167.63,0.0,0.0,0.0,0.0,0.0,37.23,9.12,77.2,0.0
1999-11-01,278.8,3.51,0.0,376.36,924.94,387.31,0.0,19.91,118.21,0.0,0.0,0.0,0.0,0.0,5.76,1.61,46.04,0.0
1999-10-01,203.3,3.51,0.0,379.2,888.15,399.53,0.0,19.49,93.12,0.0,0.0,0.0,0.0,0.0,12.23,2.49,31.67,0.0
1999-09-01,224.2,3.46,0.0,395.19,848.78,413.93,0.0,19.32,129.08,0.0,0.0,0.0,0.0,0.0,30.92,6.93,0.16,0.0
1999-08-01,213.9,3.48,0.0,407.3,849.78,412.37,0.0,18.43,65.21,0.0,0.0,0.0,0.0,0.0,35.73,7.64,0.28,0.0
1999-07-01,224.3,3.41,0.0,429.73,859.8,391.4,0.0,17.84,78.41,0.0,0.0,0.0,0.0,0.0,20.56,4.61,6.78,0.0
1999-06-01,240.1,3.47,0.0,424.17,836.25,405.88,0.0,18.13,84.25,0.0,0.0,0.0,0.0,0.0,28.92,6.94,41.07,0.0
1999-05-01,242.0,3.65,0.0,374.92,762.17,421.5,0.0,18.65,165.6,0.0,0.0,0.0,0.0,0.0,13.9,3.36,38.17,0.0
1999-04-01,278.8,3.69,0.0,390.98,663.89,442.68,0.0,19.42,170.78,0.0,0.0,0.0,0.0,0.0,14.41,4.02,54.72,0.0
1999-03-01,297.1,3.56,0.0,407.39,752.45,444.36,0.0,20.23,206.4,0.0,0.0,0.0,0.0,0.0,29.25,8.69,12.61,0.0
1999-02-01,447.0,3.57,0.0,426.97,889.57,482.36,0.0,20.15,245.17,0.0,0.0,0.0,0.0,0.0,10.92,4.88,17.82,0.0
1999-01-01,411.7,3.71,0.0,444.26,952.71,541.63,0.0,19.93,241.22,0.0,0.0,0.0,0.0,0.0,18.86,7.76,25.01,0.0
1998-12-01,469.4,3.66,0.0,541.0,861.0,591.0,0.0,20.54,141.71,0.0,0.0,0.0,0.0,0.0,6.77,3.18,35.21,0.0
1998-11-01,522.9,3.77,0.0,601.0,862.0,614.0,0.0,20.18,137.02,0.0,0.0,0.0,0.0,0.0,4.92,2.57,29.04,0.0
1998-10-01,514.0,3.76,0.0,662.0,850.0,614.0,0.0,20.01,141.51,0.0,0.0,0.0,0.0,0.0,2.57,1.32,16.73,0.0
1998-09-01,516.3,3.64,0.0,681.0,852.0,615.0,0.0,19.51,95.18,0.0,0.0,0.0,0.0,0.0,3.65,1.89,2.47,0.0
1998-08-01,801.8,3.61,0.0,670.0,862.0,592.0,0.0,19.44,56.51,0.0,0.0,0.0,0.0,0.0,0.26,0.21,6.56,0.0
1998-07-01,548.8,3.83,0.0,660.0,874.0,612.0,0.0,19.11,45.98,0.0,0.0,0.0,0.0,0.0,6.98,3.83,17.28,0.0
1998-06-01,653.8,4.17,0.0,675.0,891.0,629.0,0.0,19.11,89.26,0.0,0.0,0.0,0.0,0.0,1.25,0.82,15.29,0.0
1998-05-01,664.8,3.95,0.0,685.0,900.0,671.0,0.0,20.54,129.65,0.0,0.0,0.0,0.0,0.0,0.37,0.25,15.52,0.0
1998-04-01,609.6,3.83,0.0,684.0,928.0,662.0,0.0,21.59,160.07,0.0,0.0,0.0,0.0,0.0,0.08,0.05,5.36,0.0
1998-03-01,493.1,3.51,0.0,682.0,949.0,652.0,0.0,21.82,223.78,0.0,0.0,0.0,0.0,0.0,1.43,0.71,0.48,0.0
1998-02-01,760.4,3.42,0.0,699.0,1029.0,634.0,0.0,21.63,164.27,0.0,0.0,0.0,0.0,0.0,0.15,0.11,4.77,0.0
1998-01-01,489.9,3.47,0.0,703.0,1055.0,625.0,0.0,21.72,146.84,0.0,0.0,0.0,0.0,0.0,6.17,3.02,1.61,0.0
1997-12-01,651.4,3.58,0.0,721.0,1058.0,622.0,0.0,21.31,176.99,0.0,0.0,0.0,0.0,0.0,0.81,0.52,12.05,0.0
1997-11-01,634.7,3.62,0.0,716.0,1090.0,676.0,0.0,20.7,155.96,0.0,0.0,0.0,0.0,0.0,0.32,0.2,21.62,0.0
1997-10-01,615.4,3.74,0.0,658.0,1083.0,611.0,0.0,20.7,101.23,0.0,0.0,0.0,0.0,0.0,0.22,0.14,13.43,0.0
1997-09-01,450.0,3.64,0.0,637.0,1083.0,555.0,0.0,20.2,105.15,0.0,0.0,0.0,0.0,0.0,4.82,2.17,7.5,0.0
1997-08-01,624.8,3.6,0.0,621.0,1093.0,544.0,0.0,18.66,79.97,0.0,0.0,0.0,0.0,0.0,0.54,0.34,4.39,0.0
1997-07-01,426.1,3.66,0.0,581.0,1096.0,535.0,0.0,19.37,58.08,0.0,0.0,0.0,0.0,0.0,38.37,16.35,17.34,0.0
1997-06-01,404.6,3.57,0.0,558.0,1047.0,550.0,0.0,20.06,67.59,0.0,0.0,0.0,0.0,0.0,54.01,21.85,28.16,0.0
1997-05-01,383.3,3.63,0.0,548.0,981.0,541.0,0.0,20.43,127.33,0.0,0.0,0.0,0.0,0.0,36.56,14.01,62.89,0.0
1997-04-01,367.9,3.68,0.0,547.0,938.0,541.0,0.0,20.42,125.49,0.0,0.0,0.0,0.0,0.0,17.08,6.28,75.37,0.0
1997-03-01,390.1,3.74,0.0,554.0,896.0,541.0,0.0,20.37,208.48,0.0,0.0,0.0,0.0,0.0,5.17,2.02,9.37,0.0
1997-02-01,377.8,3.93,0.0,558.0,886.0,527.0,0.0,19.89,238.36,0.0,0.0,0.0,0.0,0.0,37.47,14.16,9.65,0.0
1997-01-01,360.7,4.31,0.0,576.0,874.0,534.0,0.0,20.1,142.52,0.0,0.0,0.0,0.0,0.0,47.12,17.0,38.62,0.0
1996-12-01,364.3,4.21,0.0,583.0,868.0,514.0,0.0,19.82,133.53,0.0,0.0,0.0,0.0,0.0,20.12,7.33,62.23,0.0
1996-11-01,382.5,4.13,0.0,600.0,868.0,517.0,0.0,19.81,128.95,0.0,0.0,0.0,0.0,0.0,3.49,1.34,57.42,0.0
1996-10-01,532.9,3.89,0.0,581.0,874.0,528.0,0.0,19.52,140.98,0.0,0.0,0.0,0.0,0.0,0.74,0.39,7.03,0.0
1996-09-01,355.3,3.76,0.0,566.0,879.0,569.0,0.0,19.04,90.79,0.0,0.0,0.0,0.0,0.0,11.14,3.96,4.86,0.0
1996-08-01,325.3,3.68,0.0,539.0,885.0,565.0,0.0,18.39,84.15,0.0,0.0,0.0,0.0,0.0,40.59,13.2,5.25,0.0
1996-07-01,337.9,3.78,0.0,547.0,902.0,549.0,0.0,17.56,59.22,0.0,0.0,0.0,0.0,0.0,17.02,5.75,22.0,0.0
1996-06-01,306.9,4.25,0.0,563.0,904.0,563.0,0.0,17.81,70.8,0.0,0.0,0.0,0.0,0.0,71.43,21.92,39.47,0.0
1996-05-01,342.0,4.25,0.0,564.0,897.0,591.0,0.0,19.01,121.99,0.0,0.0,0.0,0.0,0.0,6.92,2.37,50.86,0.0
1996-04-01,295.6,4.44,0.0,583.0,895.0,582.0,0.0,19.45,154.53,0.0,0.0,0.0,0.0,0.0,10.69,3.16,45.61,0.0
1996-03-01,365.6,4.36,0.0,616.0,911.0,538.0,0.0,20.05,160.57,0.0,0.0,0.0,0.0,0.0,0.68,0.25,3.32,0.0
1996-02-01,365.6,4.27,0.0,641.0,925.0,548.0,0.0,19.93,195.95,0.0,0.0,0.0,0.0,0.0,22.72,8.31,21.78,0.0
1996-01-01,382.5,4.32,0.0,649.0,959.0,554.0,0.0,19.68,204.09,0.0,0.0,0.0,0.0,0.0,15.45,5.91,45.32,0.0
1995-12-01,381.0,3.87,0.0,647.0,988.0,579.0,0.0,19.93,157.34,0.0,0.0,0.0,0.0,0.0,5.51,2.1,27.82,0.0
1995-11-01,439.4,3.93,0.0,602.0,995.0,623.0,0.0,19.91,150.97,0.0,0.0,0.0,0.0,0.0,3.1,1.36,32.72,0.0
1995-10-01,289.1,4.45,0.0,522.0,990.0,638.0,0.0,19.96,101.39,0.0,0.0,0.0,0.0,0.0,5.88,1.7,22.95,0.0
1995-09-01,325.3,4.67,0.0,505.0,981.0,614.0,0.0,19.71,91.52,0.0,0.0,0.0,0.0,0.0,9.34,3.04,2.42,0.0
1995-08-01,326.7,4.75,0.0,493.0,980.0,616.0,0.0,18.98,53.8,0.0,0.0,0.0,0.0,0.0,8.29,2.71,2.61,0.0
1995-07-01,308.7,5.01,0.0,502.0,969.0,626.0,0.0,18.56,63.06,0.0,0.0,0.0,0.0,0.0,30.06,9.28,14.66,0.0
1995-06-01,320.0,5.42,0.0,467.0,965.0,611.0,0.0,18.96,88.09,0.0,0.0,0.0,0.0,0.0,37.16,11.89,34.11,0.0
1995-05-01,280.4,5.36,0.0,436.0,973.0,595.0,0.0,19.07,106.62,0.0,0.0,0.0,0.0,0.0,32.87,9.22,46.71,0.0
1995-04-01,307.5,5.17,0.0,447.0,981.0,610.0,0.0,20.14,116.69,0.0,0.0,0.0,0.0,0.0,22.28,6.85,49.41,0.0
1995-03-01,267.5,5.08,0.0,447.0,990.0,652.0,0.0,20.2,224.1,0.0,0.0,0.0,0.0,0.0,60.94,16.3,13.79,0.0
1995-02-01,242.1,4.78,0.0,437.0,1025.0,663.0,0.0,20.7,123.92,0.0,0.0,0.0,0.0,0.0,12.81,3.1,14.32,0.0
1995-01-01,235.0,4.81,0.0,435.0,1054.0,674.0,0.0,21.07,143.09,0.0,0.0,0.0,0.0,0.0,31.06,7.3,75.52,0.0
1994-12-01,243.4,4.89,0.0,418.0,1062.0,693.0,0.0,20.6,174.39,0.0,0.0,0.0,0.0,0.0,30.85,7.51,44.03,0.0
1994-11-01,221.2,4.85,0.0,394.0,1048.0,706.0,0.0,20.29,149.32,0.0,0.0,0.0,0.0,0.0,12.07,2.67,51.25,0.0
1994-10-01,211.1,5.35,0.0,398.0,1029.0,642.0,0.0,20.12,150.46,0.0,0.0,0.0,0.0,0.0,16.25,3.43,34.19,0.0
1994-09-01,232.8,5.28,0.0,392.0,1018.0,672.0,0.0,19.63,103.99,0.0,0.0,0.0,0.0,0.0,1.25,0.29,5.35,0.0
1994-08-01,200.5,5.02,0.0,378.0,1018.0,600.0,0.0,18.7,58.83,0.0,0.0,0.0,0.0,0.0,28.83,5.78,4.86,0.0
1994-07-01,213.1,5.24,0.0,376.0,1017.0,560.0,0.0,17.94,50.29,0.0,0.0,0.0,0.0,0.0,56.27,11.99,35.92,0.0
1994-06-01,224.3,5.46,0.0,365.0,1014.0,571.0,0.0,18.48,104.82,0.0,0.0,0.0,0.0,0.0,44.17,9.91,48.24,0.0
1994-05-01,216.7,5.43,0.0,362.0,1020.0,594.0,0.0,19.74,96.87,0.0,0.0,0.0,0.0,0.0,23.26,5.04,54.67,0.0
1994-04-01,310.5,5.2,0.0,351.0,1030.0,584.0,0.0,20.16,215.11,0.0,0.0,0.0,0.0,0.0,16.0,4.97,61.68,0.0
1994-03-01,276.4,4.59,0.0,352.0,1013.0,586.0,0.0,20.43,199.57,0.0,0.0,0.0,0.0,0.0,23.15,6.4,52.17,0.0
1994-02-01,315.9,4.49,0.0,364.0,1011.0,577.0,0.0,20.15,161.22,0.0,0.0,0.0,0.0,0.0,18.93,5.98,9.71,0.0
1994-01-01,294.2,4.33,0.0,366.0,993.0,602.0,0.0,20.22,182.98,0.0,0.0,0.0,0.0,0.0,8.43,2.48,50.88,0.0
1993-12-01,950.0,4.31,0.0,367.0,924.0,589.0,0.0,20.23,167.48,0.0,0.0,0.0,0.0,0.0,0.0,0.0,0.0,0.0
1993-11-01,0.0,3.94,0.0,358.0,808.0,536.0,0.0,19.92,172.58,0.0,0.0,0.0,0.0,0.0,0.0,0.0,0.0,0.0
1993-10-01,474.6,4.35,0.0,339.0,807.0,491.0,0.0,19.86,145.89,0.0,0.0,0.0,0.0,0.0,0.02,0.01,0.0,0.0
1993-09-01,0.0,4.73,0.0,353.0,845.0,489.0,0.0,19.46,72.47,0.0,0.0,0.0,0.0,0.0,0.0,0.0,0.0,0.0
1993-08-01,549.3,5.05,0.0,361.0,858.0,483.0,0.0,18.59,70.02,0.0,0.0,0.0,0.0,0.0,0.02,0.01,0.0,0.0
1993-07-01,240.0,5.4,0.0,356.0,773.0,505.0,0.0,18.37,90.4,0.0,0.0,0.0,0.0,0.0,13.57,3.26,0.0,0.0
1993-06-01,299.0,5.79,0.0,348.0,712.0,461.0,0.0,19.15,75.13,0.0,0.0,0.0,0.0,0.0,22.42,6.7,0.0,0.0
1993-05-01,335.1,5.85,0.0,348.0,685.0,448.0,0.0,19.95,102.44,0.0,0.0,0.0,0.0,0.0,15.01,5.03,0.0,0.0
1993-04-01,363.4,5.46,0.0,361.0,623.0,448.0,0.0,20.18,187.96,0.0,0.0,0.0,0.0,0.0,8.3,3.02,0.0,0.0
1993-03-01,265.0,4.93,0.0,377.0,602.0,438.0,0.0,20.26,217.52,0.0,0.0,0.0,0.0,0.0,16.09,4.26,0.0,0.0
1993-02-01,287.7,5.07,0.0,391.0,611.0,433.0,0.0,20.36,140.49,0.0,0.0,0.0,0.0,0.0,22.27,6.41,0.0,0.0
1993-01-01,306.8,5.25,0.0,418.0,621.0,444.0,0.0,20.11,227.01,0.0,0.0,0.0,0.0,0.0,22.12,6.79,0.0,0.0
1992-12-01,283.8,5.48,0.0,438.0,622.0,436.0,0.0,20.19,147.19,0.0,0.0,0.0,0.0,0.0,25.86,7.34,0.0,0.0
1992-11-01,0.0,6.04,0.0,455.0,575.0,437.0,0.0,20.04,133.45,0.0,0.0,0.0,0.0,0.0,0.0,0.0,0.0,0.0
1992-10-01,0.0,6.94,0.0,469.0,565.0,418.0,0.0,19.76,110.81,0.0,0.0,0.0,0.0,0.0,0.0,0.0,0.0,0.0
1992-09-01,0.0,7.89,0.0,481.0,562.0,421.0,0.0,18.93,114.66,0.0,0.0,0.0,0.0,0.0,0.0,0.0,0.0,0.0
1992-08-01,0.0,7.07,0.0,493.0,600.0,409.0,0.0,18.57,113.73,0.0,0.0,0.0,0.0,0.0,0.0,0.0,0.0,0.0
1992-07-01,0.0,5.94,0.0,485.0,644.0,429.0,0.0,17.66,77.66,0.0,0.0,0.0,0.0,0.0,0.0,0.0,0.0,0.0
1992-06-01,0.0,4.91,0.0,491.0,665.0,456.0,0.0,19.11,66.57,0.0,0.0,0.0,0.0,0.0,0.0,0.0,0.0,0.0
1992-05-01,0.0,5.29,0.0,0.0,0.0,0.0,0.0,20.71,73.75,0.0,0.0,0.0,0.0,0.0,0.0,0.0,0.0,0.0
1992-04-01,0.0,5.17,0.0,0.0,0.0,0.0,0.0,21.16,125.19,0.0,0.0,0.0,0.0,0.0,0.0,0.0,0.0,0.0
1992-03-01,0.0,5.26,0.0,0.0,0.0,0.0,0.0,21.18,182.46,0.0,0.0,0.0,0.0,0.0,0.0,0.0,0.0,0.0
1992-02-01,0.0,5.36,0.0,0.0,0.0,0.0,0.0,20.84,133.87,0.0,0.0,0.0,0.0,0.0,0.0,0.0,0.0,0.0
1992-01-01,0.0,5.47,0.0,0.0,0.0,0.0,0.0,21.05,120.11,0.0,0.0,0.0,0.0,0.0,0.0,0.0,0.0,0.0
1991-12-01,260.0,5.58,0.0,0.0,0.0,0.0,0.0,20.71,106.78,0.0,0.0,0.0,0.0,0.0,0.15,0.04,0.0,0.0
1991-11-01,255.0,5.59,0.0,0.0,0.0,0.0,0.0,19.86,151.2,0.0,0.0,0.0,0.0,0.0,3.64,0.93,0.0,0.0
1991-10-01,250.0,5.18,0.0,0.0,0.0,0.0,0.0,19.5,91.6,0.0,0.0,0.0,0.0,0.0,2.9,0.72,0.0,0.0
1991-09-01,280.9,5.23,0.0,0.0,0.0,0.0,0.0,19.33,94.26,0.0,0.0,0.0,0.0,0.0,2.06,0.58,0.0,0.0
1991-08-01,265.0,4.71,0.0,0.0,0.0,0.0,0.0,18.13,63.62,0.0,0.0,0.0,0.0,0.0,2.25,0.6,0.0,0.0
1991-07-01,232.9,4.5,0.0,0.0,0.0,0.0,0.0,18.06,40.72,0.0,0.0,0.0,0.0,0.0,12.46,2.9,0.0,0.0
1991-06-01,152.6,4.6,0.0,0.0,0.0,0.0,0.0,18.73,100.39,0.0,0.0,0.0,0.0,0.0,14.15,2.16,0.0,0.0
1991-05-01,303.6,5.05,0.0,0.0,0.0,0.0,0.0,19.46,113.43,0.0,0.0,0.0,0.0,0.0,1.31,0.4,0.0,0.0
1991-04-01,212.6,5.37,0.0,0.0,0.0,0.0,0.0,19.94,124.25,0.0,0.0,0.0,0.0,0.0,6.34,1.35,0.0,0.0
1991-03-01,360.0,5.78,0.0,0.0,0.0,0.0,0.0,20.28,190.02,0.0,0.0,0.0,0.0,0.0,2.58,0.93,0.0,0.0
1991-02-01,184.4,6.41,0.0,0.0,0.0,0.0,0.0,20.23,146.53,0.0,0.0,0.0,0.0,0.0,6.63,1.22,0.0,0.0
1991-01-01,0.0,6.34,0.0,0.0,0.0,0.0,0.0,20.07,124.96,0.0,0.0,0.0,0.0,0.0,0.0,0.0,0.0,0.0
1990-12-01,250.0,6.5,0.0,0.0,0.0,0.0,0.0,20.21,165.61,0.0,0.0,0.0,0.0,0.0,0.65,0.16,0.0,0.0
1990-11-01,0.0,6.46,0.0,0.0,0.0,0.0,0.0,20.29,156.21,0.0,0.0,0.0,0.0,0.0,0.0,0.0,0.0,0.0
1990-10-01,0.0,6.35,0.0,0.0,0.0,0.0,0.0,19.73,106.2,0.0,0.0,0.0,0.0,0.0,0.0,0.0,0.0,0.0
1990-09-01,235.5,6.29,0.0,0.0,0.0,0.0,0.0,19.32,76.14,0.0,0.0,0.0,0.0,0.0,1.1,0.26,0.0,0.0
1990-08-01,197.2,5.92,0.0,0.0,0.0,0.0,0.0,18.41,66.14,0.0,0.0,0.0,0.0,0.0,9.38,1.85,0.0,0.0
1990-07-01,251.1,5.74,0.0,0.0,0.0,0.0,0.0,17.36,82.75,0.0,0.0,0.0,0.0,0.0,6.4,1.61,0.0,0.0
1990-06-01,125.1,5.67,0.0,0.0,0.0,0.0,0.0,18.12,151.47,0.0,0.0,0.0,0.0,0.0,9.37,1.17,0.0,0.0
1990-05-01,0.0,5.8,0.0,0.0,0.0,0.0,0.0,19.4,100.87,0.0,0.0,0.0,0.0,0.0,0.0,0.0,0.0,0.0
1990-04-01,131.8,5.63,0.0,0.0,0.0,0.0,0.0,20.0,134.39,0.0,0.0,0.0,0.0,0.0,2.56,0.34,0.0,0.0
1990-03-01,164.4,5.61,0.0,0.0,0.0,0.0,0.0,20.24,157.67,0.0,0.0,0.0,0.0,0.0,3.86,0.64,0.0,0.0
1990-02-01,106.3,5.65,0.0,0.0,0.0,0.0,0.0,20.33,162.85,0.0,0.0,0.0,0.0,0.0,4.04,0.43,0.0,0.0
1990-01-01,110.0,5.2,0.0,0.0,0.0,0.0,0.0,20.03,189.34,0.0,0.0,0.0,0.0,0.0,2.0,0.22,0.0,0.0
1989-12-01,0.0,0.0,0.0,0.0,0.0,0.0,0.0,20.27,88.78,0.0,0.0,0.0,0.0,0.0,0.0,0.0,0.0,0.0
1989-11-01,0.0,0.0,0.0,0.0,0.0,0.0,0.0,20.04,94.16,0.0,0.0,0.0,0.0,0.0,0.0,0.0,0.0,0.0
1989-10-01,142.5,0.0,0.0,0.0,0.0,0.0,0.0,19.3,138.62,0.0,0.0,0.0,0.0,0.0,1.43,0.2,0.0,0.0
1989-09-01,107.5,0.0,0.0,0.0,0.0,0.0,0.0,19.07,73.59,0.0,0.0,0.0,0.0,0.0,4.93,0.53,0.0,0.0
1989-08-01,112.2,0.0,0.0,0.0,0.0,0.0,0.0,18.52,75.04,0.0,0.0,0.0,0.0,0.0,36.82,4.13,0.0,0.0
1989-07-01,112.9,0.0,0.0,0.0,0.0,0.0,0.0,17.63,51.5,0.0,0.0,0.0,0.0,0.0,10.9,1.23,0.0,0.0
1989-06-01,121.5,0.0,0.0,0.0,0.0,0.0,0.0,18.2,135.86,0.0,0.0,0.0,0.0,0.0,15.05,1.83,0.0,0.0
1989-05-01,179.7,0.0,0.0,0.0,0.0,0.0,0.0,18.45,109.78,0.0,0.0,0.0,0.0,0.0,34.69,6.23,0.0,0.0
1989-04-01,189.5,0.0,0.0,0.0,0.0,0.0,0.0,19.25,136.25,0.0,0.0,0.0,0.0,0.0,17.88,3.39,0.0,0.0
1989-03-01,214.5,0.0,0.0,0.0,0.0,0.0,0.0,19.84,196.57,0.0,0.0,0.0,0.0,0.0,21.19,4.55,0.0,0.0
1989-02-01,201.8,0.0,0.0,0.0,0.0,0.0,0.0,19.74,172.26,0.0,0.0,0.0,0.0,0.0,13.72,2.77,0.0,0.0
1989-01-01,201.8,0.0,0.0,0.0,0.0,0.0,0.0,19.64,212.73,0.0,0.0,0.0,0.0,0.0,28.32,5.71,0.0,0.0
1988-12-01,0.0,0.0,0.0,0.0,0.0,0.0,0.0,20.04,139.83,0.0,0.0,0.0,0.0,0.0,0.0,0.0,0.0,0.0
1988-11-01,0.0,0.0,0.0,0.0,0.0,0.0,0.0,20.19,138.59,0.0,0.0,0.0,0.0,0.0,0.0,0.0,0.0,0.0
1988-10-01,0.0,0.0,0.0,0.0,0.0,0.0,0.0,19.58,88.23,0.0,0.0,0.0,0.0,0.0,0.0,0.0,0.0,0.0
1988-09-01,0.0,0.0,0.0,0.0,0.0,0.0,0.0,19.39,60.06,0.0,0.0,0.0,0.0,0.0,0.0,0.0,0.0,0.0
1988-08-01,0.0,0.0,0.0,0.0,0.0,0.0,0.0,18.55,51.44,0.0,0.0,0.0,0.0,0.0,0.0,0.0,0.0,0.0
1988-07-01,0.0,0.0,0.0,0.0,0.0,0.0,0.0,17.48,45.63,0.0,0.0,0.0,0.0,0.0,0.0,0.0,0.0,0.0
1988-06-01,0.0,0.0,0.0,0.0,0.0,0.0,0.0,17.66,61.19,0.0,0.0,0.0,0.0,0.0,0.0,0.0,0.0,0.0
1988-05-01,0.0,0.0,0.0,0.0,0.0,0.0,0.0,19.33,125.68,0.0,0.0,0.0,0.0,0.0,0.0,0.0,0.0,0.0
1988-04-01,0.0,0.0,0.0,0.0,0.0,0.0,0.0,19.87,131.52,0.0,0.0,0.0,0.0,0.0,0.0,0.0,0.0,0.0
1988-03-01,0.0,0.0,0.0,0.0,0.0,0.0,0.0,20.28,181.64,0.0,0.0,0.0,0.0,0.0,0.0,0.0,0.0,0.0
1988-02-01,0.0,0.0,0.0,0.0,0.0,0.0,0.0,20.81,190.67,0.0,0.0,0.0,0.0,0.0,0.0,0.0,0.0,0.0
1988-01-01,0.0,0.0,0.0,0.0,0.0,0.0,0.0,20.16,152.89,0.0,0.0,0.0,0.0,0.0,0.0,0.0,0.0,0.0
1987-12-01,0.0,0.0,0.0,0.0,0.0,0.0,0.0,20.66,137.51,0.0,0.0,0.0,0.0,0.0,0.0,0.0,0.0,0.0
1987-11-01,0.0,0.0,0.0,0.0,0.0,0.0,0.0,20.32,150.28,0.0,0.0,0.0,0.0,0.0,0.0,0.0,0.0,0.0
1987-10-01,0.0,0.0,0.0,0.0,0.0,0.0,0.0,20.34,122.44,0.0,0.0,0.0,0.0,0.0,0.0,0.0,0.0,0.0
1987-09-01,0.0,0.0,0.0,0.0,0.0,0.0,0.0,19.67,67.0,0.0,0.0,0.0,0.0,0.0,0.0,0.0,0.0,0.0
1987-08-01,0.0,0.0,0.0,0.0,0.0,0.0,0.0,19.08,70.82,0.0,0.0,0.0,0.0,0.0,0.0,0.0,0.0,0.0
1987-07-01,0.0,0.0,0.0,0.0,0.0,0.0,0.0,18.76,104.98,0.0,0.0,0.0,0.0,0.0,0.0,0.0,0.0,0.0
1987-06-01,0.0,0.0,0.0,0.0,0.0,0.0,0.0,18.75,72.79,0.0,0.0,0.0,0.0,0.0,0.0,0.0,0.0,0.0
1987-05-01,0.0,0.0,0.0,0.0,0.0,0.0,0.0,19.35,82.46,0.0,0.0,0.0,0.0,0.0,0.0,0.0,0.0,0.0
1987-04-01,237.0,0.0,0.0,0.0,0.0,0.0,0.0,20.48,165.09,0.0,0.0,0.0,0.0,0.0,1.0,0.24,0.0,0.0
1987-03-01,0.0,0.0,0.0,0.0,0.0,0.0,0.0,21.15,124.03,0.0,0.0,0.0,0.0,0.0,0.0,0.0,0.0,0.0
1987-02-01,0.0,0.0,0.0,0.0,0.0,0.0,0.0,20.77,146.32,0.0,0.0,0.0,0.0,0.0,0.0,0.0,0.0,0.0
1987-01-01,0.0,0.0,0.0,0.0,0.0,0.0,0.0,20.49,212.05,0.0,0.0,0.0,0.0,0.0,0.0,0.0,0.0,0.0
1986-12-01,290.6,0.0,0.0,0.0,0.0,0.0,0.0,20.18,163.56,0.0,0.0,0.0,0.0,0.0,1.11,0.32,0.0,0.0
1986-11-01,290.6,0.0,0.0,0.0,0.0,0.0,0.0,20.13,139.89,0.0,0.0,0.0,0.0,0.0,1.11,0.32,0.0,0.0
1986-10-01,0.0,0.0,0.0,0.0,0.0,0.0,0.0,19.44,117.24,0.0,0.0,0.0,0.0,0.0,0.0,0.0,0.0,0.0
1986-09-01,0.0,0.0,0.0,0.0,0.0,0.0,0.0,19.13,90.11,0.0,0.0,0.0,0.0,0.0,0.0,0.0,0.0,0.0
1986-08-01,279.3,0.0,0.0,0.0,0.0,0.0,0.0,18.66,94.94,0.0,0.0,0.0,0.0,0.0,5.07,1.42,0.0,0.0
1986-07-01,132.2,0.0,0.0,0.0,0.0,0.0,0.0,17.4,71.73,0.0,0.0,0.0,0.0,0.0,23.85,3.15,0.0,0.0
1986-06-01,145.0,0.0,0.0,0.0,0.0,0.0,0.0,18.12,56.84,0.0,0.0,0.0,0.0,0.0,5.87,0.85,0.0,0.0
1986-05-01,198.4,0.0,0.0,0.0,0.0,0.0,0.0,18.8,115.76,0.0,0.0,0.0,0.0,0.0,7.8,1.55,0.0,0.0
1986-04-01,287.0,0.0,0.0,0.0,0.0,0.0,0.0,19.84,118.22,0.0,0.0,0.0,0.0,0.0,1.71,0.49,0.0,0.0
1986-03-01,248.1,0.0,0.0,0.0,0.0,0.0,0.0,19.5,227.14,0.0,0.0,0.0,0.0,0.0,3.65,0.91,0.0,0.0
1986-02-01,235.0,0.0,0.0,0.0,0.0,0.0,0.0,19.68,219.28,0.0,0.0,0.0,0.0,0.0,1.0,0.23,0.0,0.0
1986-01-01,0.0,0.0,0.0,0.0,0.0,0.0,0.0,20.07,160.61,0.0,0.0,0.0,0.0,0.0,0.0,0.0,0.0,0.0
1985-12-01,0.0,0.0,0.0,0.0,0.0,0.0,0.0,19.97,158.72,0.0,0.0,0.0,0.0,0.0,0.0,0.0,0.0,0.0
1985-11-01,320.0,0.0,0.0,0.0,0.0,0.0,0.0,19.51,135.92,0.0,0.0,0.0,0.0,0.0,0.42,0.13,0.0,0.0
1985-10-01,0.0,0.0,0.0,0.0,0.0,0.0,0.0,19.77,108.03,0.0,0.0,0.0,0.0,0.0,0.0,0.0,0.0,0.0
1985-09-01,221.0,0.0,0.0,0.0,0.0,0.0,0.0,18.85,104.38,0.0,0.0,0.0,0.0,0.0,3.2,0.71,0.0,0.0
1985-08-01,0.0,0.0,0.0,0.0,0.0,0.0,0.0,18.06,77.29,0.0,0.0,0.0,0.0,0.0,0.0,0.0,0.0,0.0
1985-07-01,315.0,0.0,0.0,0.0,0.0,0.0,0.0,17.5,67.53,0.0,0.0,0.0,0.0,0.0,0.56,0.18,0.0,0.0
1985-06-01,315.0,0.0,0.0,0.0,0.0,0.0,0.0,17.69,56.93,0.0,0.0,0.0,0.0,0.0,0.5,0.16,0.0,0.0
1985-05-01,315.4,0.0,0.0,0.0,0.0,0.0,0.0,18.63,96.46,0.0,0.0,0.0,0.0,0.0,2.02,0.64,0.0,0.0
1985-04-01,223.7,0.0,0.0,0.0,0.0,0.0,0.0,19.11,92.72,0.0,0.0,0.0,0.0,0.0,10.91,2.44,0.0,0.0
1985-03-01,212.9,0.0,0.0,0.0,0.0,0.0,0.0,20.35,116.6,0.0,0.0,0.0,0.0,0.0,8.63,1.84,0.0,0.0
1985-02-01,352.5,0.0,0.0,0.0,0.0,0.0,0.0,19.9,156.71,0.0,0.0,0.0,0.0,0.0,4.05,1.43,0.0,0.0
1985-01-01,244.0,0.0,0.0,0.0,0.0,0.0,0.0,19.97,70.62,0.0,0.0,0.0,0.0,0.0,5.9,1.44,0.0,0.0
