date,fishoil_price_peru,fish_price_global,rapeseedoil_price_global,fishmeal_price_peru,peanutoil_price_global,soybeanoil_price_global,sunfloweroil_price_global
2022-06-01,0.0,0.0,0.0,0.0,0.0,0.0,0.0
2022-05-01,0.0,0.0,0.10339660837846835,0.01613102365832219,4.6593111682691516e-05,0.1137917856743456,0.09832100799923524
2022-04-01,0.0,0.0,0.02128242802499796,0.0056016743987893,-0.0004846745086187007,-0.007861148965921714,0.09028276393946802
2022-03-01,0.0,0.0,-0.04691871185940116,-0.08159659913364105,0.0036757904778646744,0.0047997346517146475,0.03682625545282695
2022-02-01,0.0,0.0,-0.2148764721869641,-0.046882265436503666,0.13854053825531795,-0.20401378970087178,-0.45426204871693343
2022-01-01,0.0,0.0,0.06715806614785215,-0.01161537307371619,0.006762092105947271,-0.08237454223095325,-0.060062366629052066
2021-12-01,0.0,0.0,-0.06813320030605856,-0.004236997233266405,-0.14488008304477054,-0.04051554384457951,-0.035986519165523846
2021-11-01,0.05585241764114557,0.0,0.04644540739983084,0.011977027924715573,-0.0017889217111119226,0.022249066966723133,0.038738214183496794
2021-10-01,-0.15188173602418162,0.01962327118413959,-0.016666546075713176,0.015165801544033106,-0.007722010041906824,0.027721082909333655,0.0034624437390832
2021-09-01,0.044723351640138034,-0.08091503622284071,-0.09704745675369186,0.014676333827084179,-0.011620117127383419,-0.05883866164514253,-0.08136938355931529
2021-08-01,-0.21069376471828324,0.07039653203162034,-0.06987497014048841,0.01395889960955997,-0.003196157836468885,0.02484691965388732,0.03464989195885473
2021-07-01,0.06740629856844389,0.0770169867569995,-0.07453085771326606,6.6483836118548e-06,-0.00481586252425725,0.02370661070695981,-0.055881391032748334
2021-06-01,0.06553825105885748,-0.00983844900028794,0.08004488976229722,-0.0012373604559037308,-0.006406128807574032,0.03336656425874131,0.07009002474186526
2021-05-01,-0.11808147959150275,0.1271551754852465,0.021154734700504902,0.008088245264734506,-0.0032716062205481672,0.03271630158265016,0.20046506794542363
2021-04-01,-0.011783604053700518,-0.06155789299943332,-0.20125695569085827,-0.018136765685423033,-0.025119336314479247,-0.11320756938297975,-0.0074668670229661085
2021-03-01,-0.047685654272435846,-0.032260862218221324,0.03546585661010534,-0.00736272513109247,-0.007251663395320348,-0.08639695997060866,0.024063288987126334
2021-02-01,-0.021399527012629458,-0.19220631602649657,-0.038362304797662984,0.001921828222519475,-0.006416225049878353,-0.13416203484940137,-0.16754747933221814
2021-01-01,0.31732014358387345,-0.05094480161524845,-0.1112094511756461,0.012082099976402158,-0.0021445709662081835,-0.01980316134171611,-0.0655536463115587
2020-12-01,-0.04515680619101929,-0.03366128257313197,-0.036329899800475615,0.0003539409356281737,-0.0059353041406389655,-0.07078299177580327,-0.08679575138738532
2020-11-01,0.010168536476465423,-0.055569851154810765,-0.046479669779805964,-0.03735904416095294,-0.05113438768661038,-0.05232984574089849,-0.05346291131340393
2020-10-01,-0.15988566532143997,-0.003816798526700742,-0.12170973523190816,-0.0031586390670884056,-0.0005431020845916716,-0.06261542520942162,-0.12233693038851595
2020-09-01,0.059612696174986005,0.03568453737472321,0.01118000765243724,0.022502212697652298,0.001660325528423593,-0.009787898841156053,0.000998837973574436
2020-08-01,-0.12395127391558511,0.04509330228810579,-0.017842156602706282,0.00607958170205064,-0.0019959183456253657,-0.04391499848281338,-0.17197145690256757
2020-07-01,0.18355225229215888,0.026111144003685804,-0.03459964504828248,0.00471883417326827,-4.795102602807605e-05,-0.05431268680843529,-0.05142891177390729
2020-06-01,0.23832693320475726,0.1526768402089578,-0.045068763414778036,-0.024205818549767957,-0.09146436073753404,-0.08299937872169319,-0.055282864653378484
2020-05-01,-0.18790960358328274,-0.11888984263157469,-0.06198942144796794,-0.03985756014819688,-0.07565317780763842,-0.09856008590988284,-0.06565877224510022
2020-04-01,0.04476330281435551,-0.09033916708230433,-0.052450130001981864,-0.0026852785417230867,-0.039006129309110134,-0.007034232820651551,-0.0083789494265964
2020-03-01,-0.10002962797258462,0.12623209014291104,0.048491465264490316,0.006571168651187882,-0.07783042048865407,0.09507217657010125,-0.0028725825101601943
2020-02-01,0.0258875616165787,0.15552336363923056,0.1245508488224651,-0.025697345495284404,-0.013861544578825083,0.06798853384164212,0.11991166653463298
2020-01-01,-0.034933971651918964,0.14529322599319727,0.04244047262745519,0.010860085891282685,0.06873640258383538,0.08756718756621272,0.020838471154984193
2019-12-01,0.031881769308151606,-0.10102040231520909,-0.01817881097185234,-0.009117453196944326,-0.02353608048721759,-0.06266769022225048,-0.0427536563992229
2019-11-01,0.05589927339000867,-0.20622707764750908,-0.01500657510276921,-0.004406375468221951,-0.048787763442491916,-0.05727670015102686,-0.03688849524961221
2019-10-01,-0.1751796360220939,-0.11075136429270276,-0.0022644837641939194,-0.0006468257985589781,0.04922665771030896,-0.005317957037379441,0.0
2019-09-01,-0.04815548450578765,0.033661282573132,-0.006181922167857829,0.018453006460231226,-0.00019199254030818113,0.010902982107235152,0.0
2019-08-01,-0.028621333590487984,0.050944801615248544,-0.028745906734871825,0.03654834154206514,-0.0002469017275087561,0.01775608507959235,0.0
2019-07-01,0.03806885781481713,0.15604103955842702,-0.037398060110855134,0.040352278458731655,-0.013938614947871299,-0.058457778847822696,-0.028985641787115875
2019-06-01,-0.0786705760928409,0.04297265469609458,-0.0062423064182287194,0.01733412074285525,-0.03233156002038168,-0.0070822395739315565,-0.03899522354142811
2019-05-01,0.15883272240491894,-0.009543358046899859,-0.029195539221557328,-0.007093443943233802,0.000660715463950411,-0.00048471140424705047,-0.004742261249874296
2019-04-01,-0.14470066744964913,0.08655465170194616,-0.012184143823280171,-0.004070409014159123,-0.011030611753654473,-0.0118676458899987,-0.011947973190504516
2019-03-01,-0.04200166406190184,0.007509422022131348,0.003369175262560398,-0.019696081802548206,-0.005262040023911232,0.022317481747702695,-0.0018108953436547484
2019-02-01,-0.014937555680796818,-0.1753632782217866,0.025660900924113897,-0.0025370566130251135,-0.00023353914076180713,0.029533052721871744,-0.016590190027236437
2019-01-01,0.2624167140503417,0.10565764832974948,0.035554196795227616,0.009511230581926242,0.007062284110543023,-0.0329239725865213,-0.017102561471150895
2018-12-01,-0.0005621030295459817,-0.09973170506220243,-0.03878950793734322,-0.004240822696062232,0.03895530483273375,-0.02698599044904996,0.021379118238411123
2018-11-01,-0.30642371395075924,-0.011887212784046369,0.016037191276257804,-0.0005677056733801549,0.0025619261864886634,0.0018392703009524633,0.004385816311392457
2018-10-01,0.06567730314573546,0.05807146640389907,0.012017129251210006,0.0041422452956401045,-0.0032243602723746718,0.03125275447766186,0.0167825696808119
2018-09-01,-0.20782279380089866,0.03465350208238803,-0.03478778080869111,0.0049226942477584665,0.006022438854118269,0.002230454583037669,0.02191562860037308
2018-08-01,0.07299619665978531,-0.09721935807412636,0.038449284001608276,-0.011650721896772331,0.023848577851436664,0.0102516285030612,0.039118521134388975
2018-07-01,-0.25706862492998184,0.04692943222198336,-0.005944985434703699,0.014086303993507195,0.0,0.02416036909466721,0.021798592655627076
2018-06-01,-0.013641419353741828,0.12254721808350164,-0.012557750268070413,-0.0012304319431733991,-0.010364267979030293,0.010350502215561582,-0.006494990839911385
2018-05-01,0.6634156042551139,0.1316284424784365,-0.03216990252591933,0.012494468954975142,-0.01227862220729381,0.005917251843321004,0.033397338560104864
2018-04-01,-0.0391131247040502,-0.013423020332140548,-0.022657998219645304,0.041809031028797176,0.0,0.0475137056424469,-0.0024864911445818035
2018-03-01,0.05906818722548804,-0.04255961441879601,0.008697616876754981,0.01646187201014041,-0.005834038619275228,0.005789543479967211,0.001974704436120222
2018-02-01,0.03419166827208453,-0.15611108037668808,0.03347325509792329,0.0011277365158107434,-0.0018336284127829633,0.00818935205784445,0.00633516130163815
2018-01-01,0.06999066317084048,-0.012439690475639236,0.024943710851862862,-0.005839332361897723,0.0,0.031436727564680106,-0.00867273541521994
2017-12-01,-0.2400383814526286,-0.12897196357418927,0.06125261145930212,-0.07802891916863318,0.05245207842528942,-0.003809659954662281,0.002150269612107203
2017-11-01,0.06044693555878226,-0.012739025777429714,0.06545138306446176,-0.06366217559559087,-0.00523161666733213,0.02232754841702099,0.011300116518327316
2017-10-01,-0.22543439139679988,0.11063504239109624,-0.07069811312275871,-0.004687576401290996,-0.014198803937422493,-0.006982154348949072,-0.006242743290514206
2017-09-01,-0.10827632580159234,0.008571481050141183,-0.027547897074973404,0.019359798113923545,0.0157685063488973,0.009988557883505911,0.02141367331259089
2017-08-01,0.03877095293065146,0.05936870839309582,0.002848597362772642,-0.014318651916797848,0.0036619142558574486,-0.031661659294932865,-0.007936646503304457
2017-07-01,-0.22941415129928822,0.07487366897520537,0.034393038138955744,-0.022537459921776665,-0.008799202797384668,-0.030780362227815772,-0.028272455105767126
2017-06-01,0.09376572248171305,0.007434978487518212,-0.0667728280564868,-0.016704319602550213,-0.022886056690626207,-0.0031764133266848457,0.0017135373611159768
2017-05-01,0.2744296566033092,-0.00992563979996993,-0.006416045495921525,-0.0018550024657854032,-0.006872172224946868,-0.009517505392817637,0.0008053556583679558
2017-04-01,-0.2524468427874876,-0.07506757303342255,-0.0032354403796441603,-0.024903489517777752,-0.022022494147708765,-0.03832227315093997,0.003352863432194101
2017-03-01,0.4124150557789014,-0.032789822822990956,0.00947447279383682,0.00621532779659554,-0.015898901755162596,0.025980653086934348,0.04594031885649635
2017-02-01,-3.880104763325911e-05,0.09024687784777803,0.03143663645740438,0.034032510343092126,-0.028332232022718982,0.029811097047575074,0.04430025889658002
2017-01-01,-0.20571902830824484,0.09207467894617666,0.018627323086299198,0.03395040788520437,0.04870962279125537,0.04341035216882362,0.0
2016-12-01,0.6922888523397797,-0.09461597637484909,0.04350445802070701,0.01831401089090304,0.008036093862456378,0.04444432485242831,0.0
2016-11-01,-0.22820116254464817,-0.071176278467895,-0.013166269959763725,0.025293042159651294,-0.004386735440453204,-0.03506833389832222,0.0
2016-10-01,-0.3095149282819943,-0.015141376676362556,-0.004496842329997725,0.019113205194964598,0.0,-0.027315497778468013,0.0
2016-09-01,0.03258297674406183,-0.07784909136932532,-0.07315923261079053,0.032282837011853846,0.0,-0.02832149821326899,-0.008362474181115985
2016-08-01,0.11668440970708105,0.05682519157761839,-0.038549132676160884,0.002073590425751527,0.0,-0.01539482628770932,-0.04172578300572406
2016-07-01,0.09678326119081998,0.12624570957511724,-0.06270701282539753,-0.030800880062661913,-0.012379167832902561,-0.03423956844084977,0.0030182621623108565
2016-06-01,0.04067127111147494,-0.043374145701103026,0.03285998038135165,0.015838757896316783,-0.035606714135926004,0.004058680990215991,0.03233423453674627
2016-05-01,-0.027475621922828205,-0.05356032383373688,0.015146593359159244,-0.010808838370985263,-0.0320562441742884,-0.005352399102467678,0.023857830584360373
2016-04-01,-0.16207044830330233,-0.022254047730278396,0.0036181193054014077,-0.017801313053992344,-0.00636295114592996,-0.0018996464319860568,-0.005748614254348464
2016-03-01,-0.007289529452078198,-0.028532606035571006,-0.053671509788242734,-0.021077509869369182,-0.010439426231682545,-0.036574274100439244,-0.019318926728667092
2016-02-01,0.181636987579057,-0.11814489562052753,0.01761852395803207,0.046300524541586834,0.012628176326490693,0.0021267581490527366,0.04439154226063047
2016-01-01,-0.17973510190200573,0.04925538864863005,0.0018831311650524037,-0.008895325030783273,0.0318573459809804,-0.041528781085747576,-0.014398580161568489
2015-12-01,0.3372596340475227,-0.10794783922277727,0.04942683231473191,0.024988780151774057,0.06141070277654978,0.03951956935133806,0.01438744659777009
2015-11-01,-0.3127133318235014,-0.14270235788126612,-0.026313410354351467,-0.01217914243741759,-0.022993538864088097,-0.05139640453333648,0.018815832314151563
2015-10-01,0.14975790521586957,0.0,0.01182298154179861,0.0016127496262893612,-0.009398952985275653,0.021705688145506413,0.04940183842827968
2015-09-01,-0.3461078949058624,0.001990050408010231,-0.047376681385417285,-0.03241323104424254,0.0,-0.03129311842944673,-0.06973299136664886
2015-08-01,-0.06596701691496268,0.08019562456350483,-0.023774271678898364,-0.0039960705208805375,-0.0056447141283854935,0.010947628890267996,-0.002310823379642986
2015-07-01,0.09993492632521522,-0.029797362804944695,0.07220091270644965,-0.017602744599999838,-0.002265397575059558,0.032407523159635646,0.02498833208691428
2015-06-01,-0.011699561383297391,-0.02488166637673666,0.03852102095603906,0.0714793121050133,-0.01673499997931115,0.046602786463962355,0.011445170291264038
2015-05-01,0.3726118269196089,-0.007782140442054963,-0.08920499928524023,0.04590638670595784,-0.015524091775585542,-0.003915242648727485,-0.012906903687060196
2015-04-01,-0.06807991219068041,0.0,-0.029297001330290978,-0.031525682438111526,0.0,-0.04879398520000219,-0.09443724614640471
2015-03-01,0.02992334395207963,0.003898640415657323,0.0045901019958745105,0.0006114455144163541,0.0,0.002924544874258506,-0.03535058728568957
2015-02-01,0.05711196306614771,0.08213569692614596,0.014996944809661843,0.06579606327405707,0.0,0.016766891530648323,0.025100271429521894
2015-01-01,-0.24438179666651996,0.06420244316431883,0.019750939077957632,0.020832673274301234,0.0040888319214864985,0.043580803357030996,0.053925584445996017
2014-12-01,0.2072892026496026,0.03306086226088821,0.04658839500013096,0.04703556415689273,0.01656171608880364,0.022308249783302796,0.034140791392146236
2014-11-01,-0.24186317394044418,-0.06725222700916746,0.03202901579225491,0.006225255910778055,0.011608543744606566,0.013934746640597977,0.02390857973728457
2014-10-01,0.18551859534378667,-0.06837194628848575,0.020912996644719496,-0.06277076094209688,0.0,0.008499095771325479,-0.03809384898058992
2014-09-01,-0.29609862622333855,0.02210034700066592,-0.02671826867167853,-0.010422902472555062,0.0,0.008117927236507724,-0.0629231827239677
2014-08-01,0.0009494627617587585,0.07709595748819477,0.018114355548024152,0.029619232443883974,0.0,0.0258008305542274,0.023297100679449477
2014-07-01,0.08754685031231456,0.07471005537980932,0.04626275811603057,0.002777579056955893,-0.011244412157994535,0.040546709176904054,0.06165001960943066
2014-06-01,-0.18950056630776108,-0.0317991816929386,0.06114672829054919,-0.007792096853023045,-0.004751400235284607,0.03114470841008878,0.03712015976682738
2014-05-01,0.5648360259544928,0.13292539321197672,0.0069459683342308785,-0.05246028940715934,0.0,0.03813709465965158,0.00963109647494636
2014-04-01,-0.3604291309971412,0.06701071028296009,0.05746205173838486,-0.002164363660786627,0.0,0.04062692657755569,0.0007879186225092588
2014-03-01,-0.053215312749183105,-0.017345331461773847,-0.0014544593608718126,0.013413199512986172,0.0,-0.005024130346401903,0.03357035130238154
2014-02-01,-0.016436911344189863,0.04731500115298924,-0.03853695271359799,-0.05857442959710998,0.030924395894400127,-0.02613444939452885,-0.032783053006892854
2014-01-01,-0.11334705324860028,0.03407269663588,-0.02475410022320835,-0.01344028920444773,0.10164814318191273,-0.03017384674348401,-0.0012389623701392525
2013-12-01,0.24588651178150506,-0.06801851470673473,0.06047507138275469,0.010217913759316294,0.08409593238370647,0.05011863170244343,0.04537131630053546
2013-11-01,0.24783081319690542,-0.1657269444551038,0.014383063492030022,0.03946846173928469,0.03320855258844589,-0.0006968465452285223,0.008049842223870365
2013-10-01,-0.29449709181289857,-0.044879326177432954,-0.010676345537042324,0.02209212354480127,0.005557558756230368,0.0011409590341075549,0.004402425956331357
2013-09-01,-0.034452571571926986,-0.04870820031544566,-0.027408866901636377,0.010736853921456112,0.018644593609140874,0.02860918854373778,-0.002750487040741145
2013-08-01,-0.035024762232921815,0.1805989034825084,0.010448316677908869,0.027060234708823228,0.005502473904447546,-0.02489244230669601,0.10016962945380975
2013-07-01,0.11818905107686087,0.0545208388784169,0.014910669082283718,0.003214612938525135,0.004701865674980408,-0.004372891056597166,0.08547572031477452
2013-06-01,0.23617942819085228,-0.06608166127949293,0.12870453974284873,0.037616714249333015,-0.0047018656749804235,0.0467921615067591,0.027997203460749538
2013-05-01,-0.06238373867454713,0.06744128079553269,-0.027104132677813256,0.020808397803576906,-0.015081712191065777,0.03358993161832087,-0.014169377128033005
2013-04-01,-0.00704759252899538,-0.04019945283230346,0.01348486953496829,0.014871862396288904,-0.009609517496274157,0.01967107142859821,-0.00538208717296338
2013-03-01,-0.19164871486249527,-0.07486987695248376,0.02602306011023338,-0.02697175428694491,0.0,0.02071549472467197,0.023166684209590713
2013-02-01,-0.022471155473979362,-0.020016064706469616,0.046530580397769646,0.05384018790722997,0.03236174532345123,0.04894228740744481,0.028390672793038488
2013-01-01,0.061753734368550785,-0.04289776070409957,-0.005000195762460901,0.013246126496247318,0.22033895680418938,0.01595245657504713,0.009852143941789576
2012-12-01,0.07698635116736083,-0.16175527921247762,-0.018957676667593546,-0.3909509455503435,0.09707574989516882,-0.028679246194630286,-0.020682504139376195
2012-11-01,-0.34709190025935743,-0.1130233884033955,-0.003009118121536528,0.027266847062544876,-0.01330421540159636,-0.01816790811222897,0.0104258451822302
2012-10-01,0.23269164062197598,-0.054898525872511136,0.024671817221026057,0.015339769912143628,0.0,0.03469664410862125,0.013432253396949171
2012-09-01,-0.2495610563221268,0.0822975000606256,0.0438994483351322,-0.00401596607787324,0.0,0.08382635063972717,0.18813777038699458
2012-08-01,-0.1069752113348278,-0.03382986451840476,-0.030377382779102836,0.0551353239826908,0.0,-0.02424246215701513,-0.03023137691426952
2012-07-01,-0.005883943158974716,-0.046212843155131564,-0.013135054307286936,0.04897880848114274,-0.007683807974588037,-0.008659523298266735,-0.03547091012758735
2012-06-01,-0.13481977588197705,0.017857617400006253,-0.026106134708284927,0.036267836799019404,-0.010337790204786385,-0.0475513091192733,-0.028795375114808303
2012-05-01,0.328034928765389,0.10292392125263361,0.042607499112462886,0.030707880428333622,-0.007047222185415593,0.03215288125661033,0.062126896055222654
2012-04-01,-0.3206340570388575,-0.006006024060211699,0.05414819751998593,0.07605237891320715,-0.056854821519845826,0.06987787295465678,0.019343038355409074
2012-03-01,-0.028494773761382403,0.013958352250706855,-0.011162181840354099,0.01855724534117786,-0.06186717353944392,-0.01812505530824929,-0.0335616479784554
2012-02-01,-0.019116926020696843,-0.05704193838701866,-0.0011176654376754175,-0.003390871719613168,-0.010359864403178385,-0.028615091085202715,-0.010503566462323772
2012-01-01,-0.18386937640466006,-0.0921704597996571,-0.02747706772220369,-0.08565890798610325,0.0,-0.026642283194465762,-0.022596830478743807
2011-12-01,0.08408187832566148,0.04495138786226627,-0.006502681636188077,-0.06412772460723178,0.0,-0.010745858830557122,-0.008334563167184646
2011-11-01,0.2852251339030827,-0.0729252399046723,0.022938024194799254,0.05239484757007316,0.0,0.008836581800498164,0.04264700881849108
2011-10-01,-0.13514823239726578,0.007067167223092353,-0.0023820297814127383,0.05344850942043554,0.0,0.00750087634586151,-0.012517283223890686
2011-09-01,0.12763400801365316,0.11517138622208574,0.030601108932069847,-0.01625118036597628,-0.0014232118282931797,0.06699594804861622,0.07012041236188873
2011-08-01,-0.23067424311776394,0.11824782767032843,0.030455390654395308,-0.2555797882715231,-0.01778255331256791,0.015583115079267226,0.04886825014751881
2011-07-01,-0.18209251881980465,0.04542106797790606,0.030948906148452502,0.05144049701222883,-0.06496953361566339,0.006729838773174312,0.0006459948545064759
2011-06-01,-0.014737880239814156,0.11244019124588804,0.006347591953847164,0.018487145343580553,-0.13459664415030567,-0.013535592125830274,0.015980409473581855
2011-05-01,-0.03633422602633822,0.16497622533218081,0.003517795536767214,0.041492290724489685,-0.04086928370452911,-0.01785618347609117,-0.03304113137972187
2011-04-01,0.5625764521215133,0.05371297563264861,0.028493473345161294,0.028689070745996047,-0.0006434040584837785,0.011064843866574725,-0.006125443936258593
2011-03-01,-0.19998167137287925,-0.07136448620797103,-0.0249171752555267,-0.114054231808349,0.0035183402821816452,-0.002995821849472415,0.0017792674236427567
2011-02-01,0.08037959348609064,-0.04482543138006427,-0.006152903664732185,-0.027286203283562824,0.00990696844231775,0.040006985445264175,0.040571743290176494
2011-01-01,-0.006466130261364701,-0.02612630459222015,0.02645122902013613,0.03265220457202733,0.0,0.004307330945267069,-0.1332951046571002
2010-12-01,-0.4383813820263626,0.014598799421152851,-0.04091598933614877,-0.018012604248366586,-0.005470128136271075,-0.030487967865858834,-0.025799122670241502
2010-11-01,-0.02519981465733113,-0.1298116115219907,-0.10726722271969337,-0.07872745992458333,-0.06352187936717209,-0.0728139062798604,-0.008981062093942546
2010-10-01,-0.08992356008039828,0.04988966950284901,-0.07764483466100057,-0.0038989327340417557,-0.04772414538919084,-0.07145535557708713,-0.11535711174961559
2010-09-01,-0.022922808418999595,-0.02705017753302606,-0.10728492445266223,-0.01331879712654656,-0.030788862754062826,-0.1022792515957218,-0.1420230637626771
2010-08-01,-0.034944573901548974,0.03797924806521647,-0.01919384666262543,-0.02247304810741694,-0.030465494046348462,-0.03703543960121646,-0.03656714541841936
2010-07-01,0.01328521955132188,-0.02039286356314058,-0.06756664330803507,-0.014184758584706166,-0.0123821457865094,-0.09102714961423665,-0.13646199283038776
2010-06-01,0.2424324238953904,-0.058744456995583325,-0.07759963275694798,-0.0025304235265387097,0.0,-0.05708737501332521,-0.052586046724517575
2010-05-01,-0.050195513363008946,0.060327988601227664,-0.015622441784259464,-0.025545436311305587,0.0,-0.0009187275688810647,0.023347363996991107
2010-04-01,0.139668683218656,0.025001302205417186,0.052664543617935725,-0.032721536404456186,-0.003848287132496918,0.04919508425864076,0.01526747213078838
2010-03-01,-0.2800825456865517,-0.07862909823682535,0.001044409481428111,-0.010348313746462678,-0.03330355865605036,0.009085458604339038,0.026696726968243652
2010-02-01,0.2602296983188336,-0.07809691136816557,-0.010104944598506263,-0.025991355396784998,-0.022669255118936728,-0.0020656397091358544,-0.0010542963549060478
2010-01-01,-0.451974669561123,-0.07299778608354754,0.014501471741542319,0.039272782345811635,-0.009340575044458899,0.012417224265471689,0.02087758502155518
2009-12-01,0.13541267158703887,-0.019608471388376424,0.026130034789203824,0.016231727183354652,-0.07626384865549743,0.020812808496168306,0.018424267326058504
2009-11-01,-0.24287085755435273,-0.007952328190495035,-0.004828914439992432,-0.06052628429224269,-0.02590223318902032,-0.008043669089286918,-0.0681963183473286
2009-10-01,0.12772068910512316,-0.04073883097910368,-0.04340134511701534,0.04787709377272603,0.003268217570936975,-0.03868459485130089,-0.0849406766490836
2009-09-01,-0.09361002570540716,0.038740828316430616,-0.04430637715944461,0.07344599753878091,0.06464561931262318,-0.04424199436393248,-0.044720442547731595
2009-08-01,-0.12254314046659588,-0.0020020026706730793,0.03320608605214587,0.046588881415513525,0.06105499880373061,0.0510747848837029,0.01350542319980719
2009-07-01,-0.14274582741915834,0.14523617075658085,-0.03765855749516241,0.04931276347127933,0.009563490348849566,-0.06501474590250632,-0.019705071079332444
2009-06-01,0.06632178013728585,-0.0479239882815829,0.07423378374348365,-0.011706345527867954,0.012053136999781168,0.053623084521109976,0.12054318093617028
2009-05-01,0.4604457926988908,-0.010969031370573933,0.03206926283791898,-0.003940712127530168,0.049358737848907715,-0.0037025859391804426,0.03680068947024297
2009-04-01,-0.07732314937232974,-0.12516314295400616,-0.13171841783283833,0.012254687619059854,0.01863025129442803,-0.0948966055730949,-0.1099761815835242
2009-03-01,0.09432714871287423,-0.06899287148695131,-0.06634294829972676,-0.016242895467834865,0.06890354439901095,-0.1018811354743203,-0.10760370456440668
2009-02-01,-0.003283767082683263,-0.08376988306545882,0.032295594691350626,-0.05040788738870505,0.005210409194303841,0.02290491448740249,0.06147902398111459
2009-01-01,0.04439047191212413,-0.002430134853291782,0.03591265533518285,0.00010904805255190157,0.04846179667140697,0.054972116561901756,0.014796817441439585
2008-12-01,0.0056474534930749925,-0.052446475372542545,0.007522074562826327,-0.009582758758292894,0.08392767648873266,-0.057771494222962363,-0.07363731746437292
2008-11-01,0.30680616126220883,-0.02072613051711697,0.15121087202397904,0.005708462483069985,0.09303239629168505,0.10203664212914047,0.0954299474552255
2008-10-01,0.11065429259563019,0.08526465165468813,0.06537678605528463,-0.02867454457020856,0.09184593095534503,0.13240890588826446,0.1290302597437311
2008-09-01,0.21154739884194004,0.1758906664636642,0.17385704997594745,-0.02759516757957831,0.08776090100624381,0.2423587256763483,0.21341214386398563
2008-08-01,-0.2054423020984362,0.07942216778393729,0.08846729896461998,-0.016526184221505615,0.04781728577815452,0.10173703315385303,0.11475502425874247
2008-07-01,-0.044824257546458884,0.04550375538482629,0.13569488074407277,0.039370130087931186,-0.0008655760948975407,0.12519941925377437,0.249037387448854
2008-06-01,-0.15379370270570064,-0.08733494922995494,0.027022132369287213,0.07131484385777206,-0.038838118563647044,0.01852696197864708,0.18948652831073354
2008-05-01,0.23369515347507105,0.030595120578202545,-0.0429540850601617,0.025683787460695582,-0.034666090708477565,-0.06547175826054945,-0.0414334283515937
2008-04-01,0.3418340502589553,-0.03643739620243098,-0.03568612975494072,0.018142809476424375,-0.05790167898084657,-0.0109367895498589,-0.06528633720967605
2008-03-01,-0.2117271731296517,0.019342962843130935,0.02591362498623282,-0.013491601633570091,-0.024261354899816533,0.04570406229591441,0.013510067685956006
2008-02-01,-0.035860617430886275,-0.09646026618756211,-0.054829408434602434,-0.012632146826209858,-0.045001619610907345,-0.05138733806419015,-0.01296614599726731
2008-01-01,-0.5453196187910861,0.014659948410684617,-0.027753849657952783,-0.0205525818735027,0.0,-0.09952647083035676,-0.07331354148873025
2007-12-01,-0.07533709430564892,-0.029538012436863756,-0.03936456492866033,0.04211098243384107,-0.002649462699925945,-0.07497239334294559,-0.15132650694171357
2007-11-01,-0.32133956321656326,-0.03708167490453181,-0.06515563065517883,-0.03283659514314025,-0.07831765673543226,-0.03968321474263773,-0.047395629836870276
2007-10-01,0.06498361399623345,-0.004454350349380197,-0.08796198157378976,-0.021396937649789127,-0.11360153326417273,-0.12470012497357161,-0.031173238218365613
2007-09-01,-0.034327881832206884,0.02207595169919961,-0.09334606027184755,0.004794597211559777,-0.06968888340193448,-0.03043803035659956,-0.05993450653979876
2007-08-01,0.025388164982121687,0.03222620437774814,-0.08638245517832509,0.1080898828135618,-0.034112310781634105,-0.05866039940478842,-0.13812138109161334
2007-07-01,-0.07280406600361344,-0.08374935740324901,-0.0344814161418653,0.01627463025184484,-0.046824088925367734,-0.03833717124239981,-0.1089576418386758
2007-06-01,0.01992097749455435,-0.030340717052672272,-0.06484604691508392,-0.02065816258318811,-0.10241891318763784,-0.0598900699955688,-0.08673841397442326
2007-05-01,0.3375986799957437,0.04856445600912374,-0.026829609906821785,-0.12088057161455769,-0.08108345365947271,-0.05770417024544627,-0.09738656981868204
2007-04-01,0.453663898717103,0.07604096244632048,-0.04389927800361934,-0.20454523657304927,-0.0812341886197783,-0.04539160955452106,-0.09591204560642354
2007-03-01,-0.09857572762540394,-0.01687803778735175,-0.046744461700296995,-0.04324614301228531,-0.02152536024448504,-0.047091329381300936,-0.05723632883472881
2007-02-01,-0.7557800004472058,-0.017167803622365446,0.024176861049748373,-0.021592305872213863,-0.037541699683711426,-0.0055645962829820525,-0.005625893882168437
2007-01-01,-0.06644509940815274,-0.03524593906167483,0.04045400718660988,-0.009194031154967175,0.05299208578385109,-0.025079728794584973,0.014005831188919168
2006-12-01,0.029060235066734122,0.011148387482614201,0.03731362386056834,-0.03980831805479738,0.02821779253384723,0.0011322513660796429,0.015183176421390028
2006-11-01,0.014864260978189976,-0.04535924939893064,-0.03807939048503994,-0.027973527051402252,0.0,-0.032686216585802834,-0.011019395249610538
2006-10-01,-0.04392449604492414,-0.0023228814161396385,-0.04729564077170779,0.012596600692597005,0.0,-0.09455417929193399,-0.08073546835243713
2006-09-01,-0.014017864627946503,0.0931937768979473,0.001694127643060588,-0.06908511240533752,-0.02116941990067352,-0.02031194016603729,0.004494389587839267
2006-08-01,0.05980282632579029,0.21120820076493713,0.029334015366421273,-0.031698435207308605,-0.03517339303386832,0.04833549200987316,-0.004494389587839326
2006-07-01,0.18698135315782247,0.051807741796650014,0.014064169968969418,-0.023090664196676464,-0.0506004819352679,-0.003438471447258436,-0.028943376039488537
2006-06-01,-0.2193852052954982,0.0842932453895033,0.01130585387569908,-0.03494460592002297,-0.03440612127964358,-0.04788979027497714,0.028943376039488506
2006-05-01,0.03853315648090365,-0.07941914963125787,-0.001796989020225384,-0.014324314992510936,-0.02117324882631725,-0.020625878404764514,0.01933145701830694
2006-04-01,-0.11956094033122633,-0.1277597039714524,-0.06831022112221888,-0.05677361618954385,0.0,-0.0848364010039763,-0.029897593056188915
2006-03-01,0.4789322599900369,-0.16154442885219653,-0.04649416682458284,-0.00268283368293217,0.02625950712062309,0.000296011250588867,-0.08384354843319279
2006-02-01,-0.4703211399643897,-0.14410034397375687,-0.030714539781394254,-0.01893923031268079,0.032011817486668766,-0.01365177133392391,-0.018318580523684746
2006-01-01,-0.11853752789906485,0.0074720148387010564,0.017548923169197938,-0.020098293513919688,0.0355862980142198,0.004789084076078546,-0.006745388139531538
2005-12-01,0.0949200754464634,0.024511031014349784,-0.023978102030543104,0.0405777346265151,0.006788287507443558,0.0034094435396810883,0.01844142790272293
2005-11-01,0.021392050167143403,-0.05218575317057019,0.0220005955153977,-0.01696985335862599,0.0,0.038797851576189105,-0.006666691358189345
2005-10-01,0.040541878907071185,0.040005334613699206,0.009453844738011908,-0.02200640451688254,0.08587191878488205,0.03462171643852764,0.07720874983197007
2005-09-01,-0.13527933923282492,0.02421425812059453,-0.06549943002416869,-0.006390677327218633,0.0342749423551409,-0.05956662857958747,0.05569535578818821
2005-08-01,-0.03634172635626354,0.03756310157564852,-0.05015991927894273,-0.0015963900423143875,-0.002871163935920167,0.008984392635172245,-0.0014652017273279918
2005-07-01,-0.058845997685052644,0.00917437627604123,-0.013605442651056426,0.022180932149621854,0.011817291591161372,0.020120534075189617,0.03741443585025763
2005-06-01,0.004990413427856646,-0.046737477851689815,-0.005157933973177301,0.01092351773760755,0.016454906785610412,-0.0019796512649419454,-0.0028288562004777137
2005-05-01,0.00572739251766283,-0.04401688541677421,0.01631453324364132,-0.003110978000813996,0.011638214355544895,-0.04038322025513448,-0.008534902449837444
2005-04-01,0.029819368336717177,-0.005012541823544286,-0.0013340797979455965,0.013901758380658094,0.008622229653641497,0.014577786620315255,-0.007168489478612516
2005-03-01,0.04161990227126292,0.0,0.018155500436819863,0.016723065932827887,0.009399368525733061,-0.004019939883043703,0.026971116774792175
2005-02-01,-0.03132569371810157,-0.02287266166599134,-0.025022665243547258,0.03264382696892068,0.0,-0.09234780781553686,-0.026971116774792272
2005-01-01,0.016865029343724004,-0.05278269957791917,0.05506529510330124,-0.004389816520527982,0.0,0.04775892562601512,0.005738896669018178
2004-12-01,-0.09817347310493311,-0.005434795985956945,0.03708806242047018,-0.08419778953450173,-0.0007778885580772477,0.059866386724977204,0.035140650151906094
2004-11-01,0.11369702509044696,-0.12770952483191372,-0.035918950227915275,-0.016962627219579363,-0.006555000699557442,0.01640279308784887,0.004135085147803017
2004-10-01,0.1990598184747423,-0.012461220437812002,-0.023287104314541427,-0.022013467537178835,-0.010688708921739863,0.03896778450899777,-0.036418590498929225
2004-09-01,-0.14764259408977734,0.021706278581863074,-0.016581128126231227,-0.00637960696403904,0.0008655760948974605,0.030565459016458723,-0.06482386854997962
2004-08-01,-0.03595662127858672,0.027233150458358852,0.014725673456551513,-0.0016012813669738792,0.017156022084477023,0.005057005595654287,-0.038794624337753145
2004-07-01,-0.07886662129165016,-0.07433761964583238,-0.025422270050828866,0.022187914975362138,0.010089943360125416,0.0007109024627142166,-0.012739025777429714
2004-06-01,-0.03435049422833552,0.03164821095078185,0.07263644376113314,0.010912033450982501,0.01396652953908258,-0.0393370681737351,0.012739025777429712
2004-05-01,-0.015940512676839796,0.08076135664445838,0.0009281935878491275,-0.00310559255815313,0.0449326186482605,0.07645285765185328,0.07906852347569303
2004-04-01,0.04821377076971415,0.03667547855840657,-0.08273207557831144,0.013899837689033518,0.0,0.06846615998099523,0.01739174271186924
2004-03-01,0.31518322299637536,-0.04533354130152107,0.06398796494560993,0.01673042825920957,0.025047127175040484,0.024922539083812256,0.02272825107755609
2004-02-01,-0.41030438474891356,-0.0384094481148713,0.024295252193459137,0.032643848076362884,0.05499499896807649,-0.010718216220023922,0.026335548337802772
2004-01-01,-0.03770834384697575,-0.027482645693832006,-0.042064172260478656,-0.004389180418763208,0.0,-0.03750859767529183,-0.0591721887361199
2003-12-01,0.0,-0.03464913541317413,-0.040514240630891554,0.0034105995748948156,-0.02163500989931548,-0.030303710269497873,-0.04300143599318734
2003-11-01,-0.00932660485799774,-0.05264373348542203,-0.04468863888816419,-0.012261974384217163,-0.009615872090202015,-0.010631182637889099,-0.04969966855227253
2003-10-01,0.0982970575750758,0.06538275926285171,-0.0072807608823224745,-0.03774544869073363,-0.021622975480932033,-0.03610104029743236,-0.020917898661680857
2003-09-01,0.09937781194373699,-0.09278173345096621,-0.08774089980480365,-0.036721036355366624,-0.021875256345451233,-0.08620761810389106,-0.12083647314327374
2003-08-01,-0.26272198223199245,-0.14149956227369948,-0.01898819543430924,-0.00751847158172443,-0.022902954709627287,-0.0788889942828624,-0.003676474729308637
2003-07-01,-0.022102945419008667,-0.040821994520255166,0.05120656662593967,0.03296177369932811,-0.029872082257761362,0.030028041614650114,0.05726072086341507
2003-06-01,-0.05673893315088305,0.11407245625984781,0.04974117726606559,0.0208485020098746,-0.021507066907295893,0.02681036136159269,0.0574482269125466
2003-05-01,0.04140561884376742,0.18911380272789838,-0.008364543946964906,-0.0421409357901922,-0.07323170265133618,0.00619129172727243,-0.023256862164267235
2003-04-01,0.42900683472327483,-0.02177379954956062,-0.08584868273025185,-0.04573812021266014,-0.07525569553150337,-0.01530108557616981,-0.028987536873252298
2003-03-01,-0.0762507133811643,0.0,-0.00955702677811888,0.030288239920029093,-0.023684879823793258,-0.03457115825901871,-0.02274813752593654
2003-02-01,-0.270302030778379,0.021773799549560536,0.05950704113407291,0.014449522938754582,-0.02225048866388054,-0.00017225704621770906,0.05173567439918889
2003-01-01,0.10400343695034824,0.027315810646962924,0.06279140034475877,0.016215166068448958,-0.04674444461284879,0.034410581219953995,0.028170876966696224
2002-12-01,-0.11878534104248963,-0.05539877938978817,-0.011659447844003313,-0.026964437029544142,-0.018761964062859116,0.08896519274700176,-0.0032733253449691376
2002-11-01,0.32548507396197734,-0.0031695747612791787,-0.03878025152421722,0.006674000269568801,-0.08911825494493056,-0.015396329807662751,-0.0248975516217272
2002-10-01,0.037420419727391144,-0.003179652917379573,-0.09497130562202993,0.016986822485523096,-0.06479960884882885,-0.09629520086079028,-0.03593200922606333
2002-09-01,-0.37859654899287853,-0.003189795368100261,-0.02687323469716649,0.013273290368595059,-0.02666990276585026,-0.04429096425414042,-0.039081350042471125
2002-08-01,-0.01175806053477656,-0.035776173165283594,-0.007398590361528124,0.004570448324096275,-0.046515821241538434,-0.005791253963745753,0.00901719365018864
2002-07-01,0.0497615095590638,0.0131580845775112,-0.08789444705910973,0.013313738212846232,-0.0739447271261223,-0.026443024822047245,0.03700862874509335
2002-06-01,-0.1028629017832546,-0.003273325344969249,-0.05656824524282748,0.024536133793114544,-0.0867946184577845,-0.0693824543099634,0.0
2002-05-01,0.020334760226910473,-0.009884759232541973,-0.08371133616506994,0.0033614970309554736,-0.07452604854391537,-0.13307804023220254,0.0
2002-04-01,-0.06560946742887924,-0.07207234804112389,-0.00981124405060616,-0.05197590234997633,-0.01566681901402942,-0.07536487638931125,0.0
2002-03-01,0.1258252152644464,-0.04736768882288905,0.012291171164570139,-0.029728865130961412,0.014598799421152631,-0.03191745721505561,0.0
2002-02-01,0.3432503990664502,-0.061557892999433435,0.01811082505291145,-0.002264497358141911,0.03021089642030658,0.015770975793092213,0.0
2002-01-01,-0.29695604065918774,0.0,0.0,-0.05688133519275969,0.10318900088306851,0.06436381005273617,0.0
2001-12-01,-0.0832973159929158,0.015748356968139112,0.0,-0.09710053502320383,0.1199642702886482,0.019566809612388637,0.0
2001-11-01,-0.031152204022106434,0.02316705928153438,0.0,-0.05644046390348536,-0.015713386833658968,-0.01569436449467682,0.0
2001-10-01,0.011527505171067414,0.06286727806026883,0.0,-0.023999304276970963,0.0026426694492732486,-0.046255561283717404,0.0
2001-09-01,-0.2253546855703288,0.04554202044691601,0.0,0.014127949528413111,-0.015921774698535663,0.03181822783847761,0.0
2001-08-01,-0.035315694368136884,0.0,0.0,-0.013823105555358048,-0.01546103772770465,0.10445382308787497,0.0
2001-07-01,0.004637510243659696,-0.03130690462504402,0.0,-0.10438338340659287,-0.02060178675746193,-0.014443321115222792,0.0
2001-06-01,-0.07060252090894935,0.020979790469194466,0.0,-0.06398681440305273,0.0062183510153698334,-0.38438870814557297,0.0
2001-05-01,-0.11122563511022437,0.02730545069026744,0.0,-0.021117363306432324,0.0,0.028452594516223003,0.0
2001-04-01,0.026288479904087145,0.020000666706669435,0.0,0.030832682603784106,0.023527620516778713,0.09937659419708596,0.0
2001-03-01,0.28876256958553503,0.02283949196982295,0.0,0.026739058382295844,0.04693124024192501,0.004956867134876909,0.0
2001-02-01,-0.5665240443291736,-0.02614528010432236,0.0,0.06502963652261332,0.0382525968327361,-0.07558116766787398,0.0
2001-01-01,0.024437306279437614,0.009884759232541925,0.0,0.05383736263232542,0.0056922067402221345,0.00338487646338498,0.0
2000-12-01,-0.17399973345646252,-0.009884759232541973,0.0,-0.10329254615746548,-0.010995488282756004,0.05041202957610074,0.0
2000-11-01,0.09380226295664806,-0.05094480161524845,0.0,-0.1518554099615191,-0.04717951832765691,-0.01189313461508424,0.0
2000-10-01,-0.11051574393038853,0.024097551579060524,0.0,0.007517638242301868,-0.019722589959238965,-0.008750848486898671,0.0
2000-09-01,0.25629575863111026,0.09716374845364788,0.0,0.04130289152897867,0.007933144821776952,-0.004884209482930191,0.0
2000-08-01,-0.3230839995026968,0.16729147338831654,0.0,0.03018335274452137,-0.008224740248445973,0.05124209143824942,0.0
2000-07-01,0.02958795718549608,0.05831817042108662,0.0,0.053607089840351306,0.02262249321737694,0.031070111687489767,0.0
2000-06-01,-0.1050366290153188,-0.012391732295163384,0.0,-0.013022786222859375,0.014819278635682455,-0.02727699845949587,0.0
2000-05-01,0.03375041763029086,0.009925639799969998,0.0,-0.12342164839357375,0.013343678454246992,0.02334946081670983,0.0
2000-04-01,-0.060663758462037844,-0.00992563979996993,0.0,0.04194373790368833,-0.0048627477458029955,0.0803317220568583,0.0
2000-03-01,0.32249804291182405,-0.01761051800863528,0.0,0.041114549808641716,-0.07426478944485405,-0.007537069925466821,0.0
2000-02-01,0.08141340824193356,-0.010204170174241736,0.0,0.04694279555858645,-0.06427671818642917,-0.015386411689527493,0.0
2000-01-01,-0.07612620534601454,-0.007722046093910278,0.0,0.03969622348027451,-0.016939490338157805,0.032569902353998384,0.0
1999-12-01,0.16083966797805488,-0.01562531790308087,0.0,-0.014008434529392384,0.12436148946820773,0.013110361599842711,0.0
1999-11-01,0.12923646834164193,-0.08201315166083524,0.0,-0.1518554099615191,0.1890559688393095,0.033179767422228196,0.0
1999-10-01,-0.3158119582520678,0.0,0.0,0.007517638242301868,-0.04058822289784932,0.031063450288928467,0.0
1999-09-01,0.09785579000375849,-0.01434744840814154,0.0,0.04130289152897867,-0.04534062330044578,0.03540802114945628,0.0
1999-08-01,-0.04702989454969952,0.005763704716750134,0.0,0.03018335274452137,0.0011774681089110285,-0.0037758728148072043,0.0
1999-07-01,0.04747582543780276,-0.020320002490957494,0.0,0.053607089840351306,0.011722311607821133,-0.0521909496269335,0.0
1999-06-01,0.06807106170104475,0.017442302663342388,0.0,-0.013022786222859375,-0.027772192619742894,0.0363274944489064,0.0
1999-05-01,0.007882222929478907,0.050572573635632334,0.0,-0.12342164839357375,-0.09275798352539119,0.03776222803102811,0.0
1999-04-01,0.1415569527296825,0.010899290458035638,0.0,0.04194373790368833,-0.1380531548147881,0.0490273839546744,0.0
1999-03-01,0.06357410358219318,-0.0358659131884967,0.0,0.041114549808641716,0.1252180761304688,0.0037878833169371563,0.0
1999-02-01,0.40848981214500685,0.0028050509276084604,0.0,0.04694279555858645,0.16740365067337365,0.08205567852187014,0.0
1999-01-01,-0.0822636658377099,0.03846628082779614,0.0,0.03969622348027451,0.06857235523522265,0.11589238826141637,0.0
1998-12-01,0.13116035464106413,-0.01356872920606879,0.0,0.1970093022170051,-0.10121605071359314,0.08723290590928998,0.0
1998-11-01,0.10793495777716179,0.02961185404664444,0.0,0.10517565568872612,0.0011607662359622872,0.0381789107410442,0.0
1998-10-01,-0.017166975738919746,-0.0026560440581162963,0.0,0.09667062140180055,-0.014018921179330929,0.0,0.0
1998-09-01,0.004464726430438303,-0.03243527575315373,0.0,0.028296750212504086,0.002350177344953673,0.0016273396593754076,0.0
1998-08-01,0.44017120832280326,-0.008275909303859822,0.0,-0.016284593764500636,0.011668743834377424,-0.038115632922512147,0.0
1998-07-01,-0.37912512379673113,0.05915703084776515,0.0,-0.015037877364540559,0.013825104991842335,0.033225647628320386,0.0
1998-06-01,0.1750674178784348,0.08505123261815546,0.0,0.022472855852058576,0.019264051815273842,0.027398974188114347,0.0
1998-05-01,0.016684749251128193,-0.054200456897679467,0.0,0.014706147389695487,0.010050335853501506,0.06463788027124119,0.0
1998-04-01,-0.08668323916880175,-0.030850775720475933,0.0,-0.001460920639674871,0.030636969461889804,-0.013503581034673546,0.0
1998-03-01,-0.21209101114235604,-0.08724876571478027,0.0,-0.002928259779088334,0.022377065823727327,-0.015220994010355243,0.0
1998-02-01,0.43313261738419356,-0.025975486403260563,0.0,0.024621084390348137,0.08093393722412182,-0.02799560748942698,0.0
1998-01-01,-0.4396433219697449,0.014514042884254012,0.0,0.005706149576854689,0.02495331007611723,-0.014297304700824449,0.0
1997-12-01,0.28492260419760407,0.031208206453841005,0.0,0.025282245474284166,0.002839566508077739,-0.004811556997222082,0.0
1997-11-01,-0.025971446529708564,0.011111225425070849,0.0,-0.0069589703243034574,0.029797362804944758,0.08325298330378467,0.0
1997-10-01,-0.03087998342448303,0.03261158558876101,0.0,-0.08447523563532847,-0.006442728222198801,-0.10109611687136875,0.0
1997-09-01,-0.3130248801235759,-0.02710192977779127,0.0,-0.032435275753153844,0.0,-0.09612884542516081,0.0
1997-08-01,0.3281840157611107,-0.011049836186584935,0.0,-0.025438573638684635,0.009191241175547862,-0.020018866890491902,0.0
1997-07-01,-0.3827575380196097,0.016529301951210506,0.0,-0.06658032508156748,0.0027409793314222665,-0.016682499959936134,0.0
1997-06-01,-0.05177513577222123,-0.0248975516217272,0.0,-0.04039179447060024,-0.04573825663742397,0.02765153133050995,0.0
1997-05-01,-0.05408095234713575,0.016667052485211643,0.0,-0.01808367543329535,-0.06511175130517376,-0.016498999380035077,0.0
1997-04-01,-0.04100681027578086,0.013680103904080176,0.0,-0.0018264845260342985,-0.04482251055913838,0.0,0.0
1997-03-01,0.05859195440188218,0.016172859245600968,0.0,0.012715884325302495,-0.04580953603129422,0.0,0.0
1997-02-01,-0.032038161445201656,0.049553814454729284,0.0,0.007194275634027231,-0.01122346236984954,-0.02621873030511919,0.0
1997-01-01,-0.046318367157915895,0.09229847823448643,0.0,0.03174869831458027,-0.013636574949545508,0.013195290418832424,0.0
1996-12-01,0.009931116105024862,-0.023475256421366286,0.0,0.01207952565460104,-0.006888660995185268,-0.038172573505029714,0.0
1996-11-01,0.0487509492520723,-0.019185240721348727,0.0,0.028742468865653945,0.0,0.0058196090532640025,0.0
1996-10-01,0.33160513603614605,-0.0598682493425864,0.0,-0.03217889836423509,0.006888660995185316,0.021053409197832263,0.0
1996-09-01,-0.40537128627575514,-0.03399020022855189,0.0,-0.026156678648728348,0.005704522029641574,0.07478415042006943,0.0
1996-08-01,-0.08821466954767565,-0.021506205220963505,0.0,-0.04887850729418579,0.00680274732275262,-0.0070547029798899265,0.0
1996-07-01,0.03800216024093836,0.02681125745065677,0.0,0.014733231512984087,0.019026875054694206,-0.028727289636910312,0.0
1996-06-01,-0.09622803209455377,0.11719497330482921,0.0,0.028830825717709084,0.0022148403295528213,0.02518118663015985,0.0
1996-05-01,0.10828877543691477,0.0,0.0,0.0017746233583684796,-0.007773498333380363,0.048536389266407715,0.0
1996-04-01,-0.14580354798855832,0.04373539350780811,0.0,0.033132934852433446,-0.002232143783940783,-0.015345569674660421,0.0
1996-03-01,0.21253265050594813,-0.018182319083190474,0.0,0.05505977718302739,0.017719178985102932,-0.07861188756965336,0.0
1996-02-01,0.0,-0.020858230120409924,0.0,0.03978249338715018,0.015250840252466894,0.018416726786231068,0.0
1996-01-01,0.04518881368659545,0.01164157501548599,0.0,0.0124032597834199,0.036097337371013095,0.010889399799268317,0.0
1995-12-01,-0.00392927813988955,-0.11000089521432858,0.0,-0.0030864222031893912,0.029791622864429667,0.04413779082571141,0.0
1995-11-01,0.14261078482380873,0.015384918839479456,0.0,-0.07208884919207949,0.0070600394107248835,0.07324404121445788,0.0
1995-10-01,-0.4186375109282094,0.12426467029697905,0.0,-0.1425898574261823,-0.005037794029957181,0.02379176455733667,0.0
1995-09-01,0.11797518445700529,0.04825497550265696,0.0,-0.03310915860727895,-0.009132483563272474,-0.038343355197647394,0.0
1995-08-01,0.004294485127718544,0.016985546365743807,0.0,-0.02404925523266974,-0.0010198879007455228,0.003252035386377316,0.0
1995-07-01,-0.05667238709891086,0.053291297050223625,0.0,0.018090945649039045,-0.011287959773851396,0.016103407566578673,0.0
1995-06-01,0.03595106428565867,0.07865990035478136,0.0,-0.07227086202283194,-0.004136510551780279,-0.02425341192850324,0.0
1995-05-01,-0.13210384063333724,-0.011131840368844181,0.0,-0.06868701431986293,0.008255980847019078,-0.02653555362596561,0.0
1995-04-01,0.09225793208613771,-0.03609128656237293,0.0,0.02491635126453442,0.008188377379358033,0.024897551621727087,0.0
1995-03-01,-0.13935552091051137,-0.017561426929947183,0.0,0.0,0.009132483563272474,0.06658560475929605,0.0
1995-02-01,-0.09976870239204846,-0.06087071508702592,0.0,-0.022625399517978685,0.03474294844387284,0.01673042825920957,0.0
1995-01-01,-0.029765349799853853,0.0062565376143051375,0.0,-0.004587164006906043,0.027899837528799105,0.016455120726444467,0.0
1994-12-01,0.03512066640926776,0.016495219369110845,0.0,-0.03986459856392782,0.007561472700576488,0.027799888277596226,0.0
1994-11-01,-0.09563891090524713,-0.008213598537388856,0.0,-0.05913052322682246,-0.013270336920896698,0.018585238303338837,0.0
1994-10-01,-0.046735314793904796,0.09811785595852342,0.0,0.01010109598650392,-0.01829612904693791,-0.09502693380328095,0.0
1994-09-01,0.09784776100300799,-0.013170463189745008,0.0,-0.01519016549397512,-0.010747538723581583,0.045670036833188266,0.0
1994-08-01,-0.14936546911065895,-0.05049616401453246,0.0,-0.03636764417087483,0.0,-0.11332868530700312,0.0
1994-07-01,0.06094729235794753,0.04289156462931314,0.0,-0.005305052229693229,-0.0009828010619080888,-0.06899287148695143,0.0
1994-06-01,0.0512229024215913,0.04112729142386279,0.0,-0.02969178980740304,-0.00295421189743152,0.01945242592681523,0.0
1994-05-01,-0.03447053298384935,-0.0055096558109696955,0.0,-0.008253141756720414,0.005899722127188322,0.03949010970663479,0.0
1994-04-01,0.3596699928312201,-0.04328050835846228,0.0,-0.030857988359905223,0.009756174945364656,-0.016978336534417906,0.0
1994-03-01,-0.11633480948001874,-0.12477860151492791,0.0,0.0028449521322313448,-0.016642576974998043,0.003418806748785461,0.0
1994-02-01,0.13357661591452472,-0.02202732231829082,0.0,0.033522692038643644,-0.0019762852282119926,-0.015477523068913061,0.0
1994-01-01,-0.07116589964070236,-0.03628515973976448,0.0,0.0054794657646255705,-0.017964554975298773,0.04241517880072155,0.0
1993-12-01,1.1722021764272494,-0.004629637898742217,0.0,0.002728514653203914,-0.0720185924034884,-0.021831261657234306,0.0
1993-11-01,0.0,-0.08975718080581387,0.0,-0.024828861653869997,-0.13415001312058875,-0.09429202258078467,0.0
1993-10-01,0.0,0.0989951217907502,0.0,-0.05453287902025007,-0.0012383902511465827,-0.08769003327628146,0.0
1993-09-01,0.0,0.0837493574032491,0.0,0.040467949552846424,0.04601295908722505,-0.004081638319648507,0.0
1993-08-01,0.0,0.06546304078342674,0.0,0.02240990139958411,0.01526747213078838,-0.012345835822299379,0.0
1993-07-01,-0.8280058170065833,0.0670107102829603,0.0,-0.01394722748085044,-0.10432505090054035,0.04454177562278715,0.0
1993-06-01,0.21980465004869512,0.06973333801467514,0.0,-0.022728251077556175,-0.08220113717544625,-0.09116038627871127,0.0
1993-05-01,0.11398542135257828,0.010309369658861287,0.0,0.0,-0.03865907314975043,-0.028604810581663413,0.0
1993-04-01,0.08107516121880597,-0.06899287148695143,0.0,0.03667547855840657,-0.09487231947477212,0.0,0.0
1993-03-01,-0.3157743299758486,-0.10210980170221505,0.0,0.043367229115129864,-0.034289073478632075,-0.022574322038539065,0.0
1993-02-01,0.08218844457127998,0.028001829548493135,0.0,0.036462372537355014,0.014839513862774217,-0.011481182373956254,0.0
1993-01-01,0.06427779893559891,0.03488725900044054,0.0,0.06677387253939052,0.016234122761883348,0.025086834429734882,0.0
1992-12-01,-0.0779263047671589,0.042877024356391936,0.0,0.04673747785168984,0.0016090108057006858,-0.018182319083190474,0.0
1992-11-01,0.0,0.0972989109867993,0.0,0.038078508574504365,-0.07857005194182903,0.0022909517465557624,0.0
1992-10-01,0.0,0.13889776257198955,0.0,0.030305349495328843,-0.017544309650909508,-0.04445176257083381,0.0
1992-09-01,0.0,0.1282943603390696,0.0,0.025264501659481794,-0.005323881252749855,0.0071514011576250865,0.0
1992-08-01,0.0,-0.1097356549493014,0.0,0.02464190393692893,0.0654278053224552,-0.028917677639579656,0.0
1992-07-01,0.0,-0.1741513465339278,0.0,-0.01636028310520691,0.07076907088820716,0.04774176288521523,0.0
1992-06-01,0.0,-0.1904351915681244,0.0,0.012295236857037338,0.03208831455150045,0.06103589058636909,0.0
1992-05-01,0.0,0.07454430406377871,0.0,0.0,0.0,0.0,0.0
1992-04-01,0.0,-0.022945557349870246,0.0,0.0,0.0,0.0,0.0
1992-03-01,0.0,0.017258338229280783,0.0,0.0,0.0,0.0,0.0
1992-02-01,0.0,0.018832948333092178,0.0,0.0,0.0,0.0,0.0
1992-01-01,0.0,0.02031464135117914,0.0,0.0,0.0,0.0,0.0
1991-12-01,0.0,0.019910159959329873,0.0,0.0,0.0,0.0,0.0
1991-11-01,-0.019418085857101627,0.0017905107737882938,0.0,0.0,0.0,0.0,0.0
1991-10-01,-0.019802627296179754,-0.07617423089561615,0.0,0.0,0.0,0.0,0.0
1991-09-01,0.1165378162479515,0.009606221805439933,0.0,0.0,0.0,0.0,0.0
1991-08-01,-0.05826890812397564,-0.10472337004850528,0.0,0.0,0.0,0.0,0.0
1991-07-01,-0.1291206490959269,-0.045610511252052295,0.0,0.0,0.0,0.0,0.0
1991-06-01,-0.4227890580399387,0.021978906718775167,0.0,0.0,0.0,0.0,0.0
1991-05-01,0.6878909266711184,0.09333193979221913,0.0,0.0,0.0,0.0,0.0
1991-04-01,-0.3562985796136275,0.061439665233504914,0.0,0.0,0.0,0.0,0.0
1991-03-01,0.5266915655423081,0.07357577416351287,0.0,0.0,0.0,0.0,0.0
1991-02-01,-0.6689967203276622,0.10345558824829257,0.0,0.0,0.0,0.0,0.0
1991-01-01,0.0,-0.010980502483444208,0.0,0.0,0.0,0.0,0.0
1990-12-01,0.0,0.024923408452456934,0.0,0.0,0.0,0.0,0.0
1990-11-01,0.0,-0.0061728591070809675,0.0,0.0,0.0,0.0,0.0
1990-10-01,0.0,-0.017174504889910288,0.0,0.0,0.0,0.0,0.0
1990-09-01,0.0,-0.00949374219225104,0.0,0.0,0.0,0.0,0.0
1990-08-01,-0.1774924712879375,-0.060624621816434854,0.0,0.0,0.0,0.0,0.0
1990-07-01,0.24163282399500438,-0.03087723856443923,0.0,0.0,0.0,0.0,0.0
1990-06-01,-0.6967378486906739,-0.01227009259181436,0.0,0.0,0.0,0.0,0.0
1990-05-01,0.0,0.022668799812712893,0.0,0.0,0.0,0.0,0.0
1990-04-01,0.0,-0.029748475400774643,0.0,0.0,0.0,0.0,0.0
1990-03-01,0.22101686055367264,-0.0035587226169939952,0.0,0.0,0.0,0.0,0.0
1990-02-01,-0.43603719727417733,0.007104825623744582,0.0,0.0,0.0,0.0,0.0
1990-01-01,0.034215080444513934,-0.08299691957096791,0.0,0.0,0.0,0.0,0.0
1989-12-01,0.0,0.0,0.0,0.0,0.0,0.0,0.0
1989-11-01,0.0,0.0,0.0,0.0,0.0,0.0,0.0
1989-10-01,0.0,0.0,0.0,0.0,0.0,0.0,0.0
1989-09-01,-0.2818511521409877,0.0,0.0,0.0,0.0,0.0,0.0
1989-08-01,0.04279214552087839,0.0,0.0,0.0,0.0,0.0,0.0
1989-07-01,0.00621947806702049,0.0,0.0,0.0,0.0,0.0,0.0
1989-06-01,0.07341179162498669,0.0,0.0,0.0,0.0,0.0,0.0
1989-05-01,0.3913745310089102,0.0,0.0,0.0,0.0,0.0,0.0
1989-04-01,0.053100230732967824,0.0,0.0,0.0,0.0,0.0,0.0
1989-03-01,0.1239207138455907,0.0,0.0,0.0,0.0,0.0,0.0
1989-02-01,-0.06103263044856305,0.0,0.0,0.0,0.0,0.0,0.0
1989-01-01,0.0,0.0,0.0,0.0,0.0,0.0,0.0
1988-12-01,0.0,0.0,0.0,0.0,0.0,0.0,0.0
1988-11-01,0.0,0.0,0.0,0.0,0.0,0.0,0.0
1988-10-01,0.0,0.0,0.0,0.0,0.0,0.0,0.0
1988-09-01,0.0,0.0,0.0,0.0,0.0,0.0,0.0
1988-08-01,0.0,0.0,0.0,0.0,0.0,0.0,0.0
1988-07-01,0.0,0.0,0.0,0.0,0.0,0.0,0.0
1988-06-01,0.0,0.0,0.0,0.0,0.0,0.0,0.0
1988-05-01,0.0,0.0,0.0,0.0,0.0,0.0,0.0
1988-04-01,0.0,0.0,0.0,0.0,0.0,0.0,0.0
1988-03-01,0.0,0.0,0.0,0.0,0.0,0.0,0.0
1988-02-01,0.0,0.0,0.0,0.0,0.0,0.0,0.0
1988-01-01,0.0,0.0,0.0,0.0,0.0,0.0,0.0
1987-12-01,0.0,0.0,0.0,0.0,0.0,0.0,0.0
1987-11-01,0.0,0.0,0.0,0.0,0.0,0.0,0.0
1987-10-01,0.0,0.0,0.0,0.0,0.0,0.0,0.0
1987-09-01,0.0,0.0,0.0,0.0,0.0,0.0,0.0
1987-08-01,0.0,0.0,0.0,0.0,0.0,0.0,0.0
1987-07-01,0.0,0.0,0.0,0.0,0.0,0.0,0.0
1987-06-01,0.0,0.0,0.0,0.0,0.0,0.0,0.0
1987-05-01,0.0,0.0,0.0,0.0,0.0,0.0,0.0
1987-04-01,0.0,0.0,0.0,0.0,0.0,0.0,0.0
1987-03-01,0.0,0.0,0.0,0.0,0.0,0.0,0.0
1987-02-01,0.0,0.0,0.0,0.0,0.0,0.0,0.0
1987-01-01,0.0,0.0,0.0,0.0,0.0,0.0,0.0
1986-12-01,0.0,0.0,0.0,0.0,0.0,0.0,0.0
1986-11-01,0.0,0.0,0.0,0.0,0.0,0.0,0.0
1986-10-01,0.0,0.0,0.0,0.0,0.0,0.0,0.0
1986-09-01,0.0,0.0,0.0,0.0,0.0,0.0,0.0
1986-08-01,0.0,0.0,0.0,0.0,0.0,0.0,0.0
1986-07-01,-0.7479705455335453,0.0,0.0,0.0,0.0,0.0,0.0
1986-06-01,0.09241781500298854,0.0,0.0,0.0,0.0,0.0,0.0
1986-05-01,0.313551452430198,0.0,0.0,0.0,0.0,0.0,0.0
1986-04-01,0.36919702090884865,0.0,0.0,0.0,0.0,0.0,0.0
1986-03-01,-0.14565032506186584,0.0,0.0,0.0,0.0,0.0,0.0
1986-02-01,-0.054246376553596355,0.0,0.0,0.0,0.0,0.0,0.0
1986-01-01,0.0,0.0,0.0,0.0,0.0,0.0,0.0
1985-12-01,0.0,0.0,0.0,0.0,0.0,0.0,0.0
1985-11-01,0.0,0.0,0.0,0.0,0.0,0.0,0.0
1985-10-01,0.0,0.0,0.0,0.0,0.0,0.0,0.0
1985-09-01,0.0,0.0,0.0,0.0,0.0,0.0,0.0
1985-08-01,0.0,0.0,0.0,0.0,0.0,0.0,0.0
1985-07-01,0.0,0.0,0.0,0.0,0.0,0.0,0.0
1985-06-01,0.0,0.0,0.0,0.0,0.0,0.0,0.0
1985-05-01,0.0012690357033047644,0.0,0.0,0.0,0.0,0.0,0.0
1985-04-01,-0.3435358060328541,0.0,0.0,0.0,0.0,0.0,0.0
1985-03-01,-0.04948329659665007,0.0,0.0,0.0,0.0,0.0,0.0
1985-02-01,0.5042280503528894,0.0,0.0,0.0,0.0,0.0,0.0
1985-01-01,-0.36788239695912145,0.0,0.0,0.0,0.0,0.0,0.0
